2026-06-20 15:27:35,516 INFO httpx HTTP Request: POST https://online.sbis.ru/oauth/service/ "HTTP/1.1 200 OK"
2026-06-20 15:27:36,653 INFO httpx HTTP Request: GET https://api.sbis.ru/retail/point/list?product=retail&page=0&pageSize=200 "HTTP/1.1 200 OK"
2026-06-20 15:27:37,311 INFO httpx HTTP Request: GET https://api.sbis.ru/retail/nomenclature/price-list?page=0&pageSize=100&pointId=204&actualDate=2026-06-20 "HTTP/1.1 200 OK"
2026-06-20 15:27:37,313 INFO httpx HTTP Request: GET https://api.sbis.ru/retail/nomenclature/price-list?page=0&pageSize=100&pointId=170&actualDate=2026-06-20 "HTTP/1.1 200 OK"
2026-06-20 15:27:37,337 INFO httpx HTTP Request: GET https://api.sbis.ru/retail/nomenclature/price-list?page=0&pageSize=100&pointId=25042&actualDate=2026-06-20 "HTTP/1.1 200 OK"
2026-06-20 15:27:37,339 INFO httpx HTTP Request: GET https://api.sbis.ru/retail/nomenclature/price-list?page=0&pageSize=100&pointId=3900&actualDate=2026-06-20 "HTTP/1.1 200 OK"
2026-06-20 15:27:37,380 INFO httpx HTTP Request: GET https://api.sbis.ru/retail/nomenclature/price-list?page=0&pageSize=100&pointId=20268&actualDate=2026-06-20 "HTTP/1.1 200 OK"
2026-06-20 15:27:37,382 INFO httpx HTTP Request: GET https://api.sbis.ru/retail/nomenclature/price-list?page=0&pageSize=100&pointId=241&actualDate=2026-06-20 "HTTP/1.1 200 OK"
2026-06-20 15:27:37,385 INFO httpx HTTP Request: GET https://api.sbis.ru/retail/nomenclature/price-list?page=0&pageSize=100&pointId=2116&actualDate=2026-06-20 "HTTP/1.1 200 OK"
2026-06-20 15:27:37,403 INFO src.backend.app.services.orchestrator sync_run completed
2026-06-20 15:27:37,410 INFO src.backend.app.ingestion.order_blank Order blank seed skipped: no file at (auto)
2026-06-20 15:27:37,411 INFO src.backend.app.services.startup_bootstrap Startup bootstrap: product catalog empty; skipping stock/sales (load order blank or seed products separately).
2026-06-20 15:27:37,412 INFO candy_forecast.startup startup bootstrap finished: needs_order_blank
2026-06-20 15:28:48,672 INFO httpx HTTP Request: POST https://online.sbis.ru/oauth/service/ "HTTP/1.1 200 OK"
2026-06-20 15:28:50,943 INFO httpx HTTP Request: GET https://api.sbis.ru/retail/v2/nomenclature/list?withBalance=true&page=0&pageSize=500&pointId=170&priceListId=13 "HTTP/1.1 200 OK"
2026-06-20 15:28:51,224 WARNING src.backend.app.ingestion.stock Skipping stock row with invalid payload for store 170: None
2026-06-20 15:28:51,224 WARNING src.backend.app.ingestion.stock Skipping stock row with invalid payload for store 170: None
2026-06-20 15:28:51,224 WARNING src.backend.app.ingestion.stock Skipping stock row with invalid payload for store 170: None
2026-06-20 15:28:51,226 WARNING src.backend.app.ingestion.stock Skipping stock row with invalid payload for store 170: None
2026-06-20 15:28:51,226 WARNING src.backend.app.ingestion.stock Skipping stock row with invalid payload for store 170: None
2026-06-20 15:28:51,227 WARNING src.backend.app.ingestion.stock Skipping stock row with invalid payload for store 170: None
2026-06-20 15:28:51,227 WARNING src.backend.app.ingestion.stock Skipping stock row with invalid payload for store 170: None
2026-06-20 15:28:53,035 INFO httpx HTTP Request: GET https://api.sbis.ru/retail/v2/nomenclature/list?withBalance=true&page=1&pageSize=500&pointId=170&priceListId=13 "HTTP/1.1 200 OK"
2026-06-20 15:28:53,303 WARNING src.backend.app.ingestion.stock Skipping stock row with invalid payload for store 170: None
2026-06-20 15:28:53,305 WARNING src.backend.app.ingestion.stock Skipping stock row with invalid payload for store 170: None
2026-06-20 15:28:53,305 WARNING src.backend.app.ingestion.stock Skipping stock row with invalid payload for store 170: None
2026-06-20 15:28:53,306 WARNING src.backend.app.ingestion.stock Skipping stock row with invalid payload for store 170: None
2026-06-20 15:28:53,306 WARNING src.backend.app.ingestion.stock Skipping stock row with invalid payload for store 170: None
2026-06-20 15:28:54,164 INFO httpx HTTP Request: GET https://api.sbis.ru/retail/v2/nomenclature/list?withBalance=true&page=0&pageSize=100&pointId=170&priceListId=13&searchString=X1016836 "HTTP/1.1 200 OK"
2026-06-20 15:28:54,195 INFO httpx HTTP Request: GET https://api.sbis.ru/retail/v2/nomenclature/list?withBalance=true&page=0&pageSize=100&pointId=170&priceListId=13&searchString=X1434152 "HTTP/1.1 200 OK"
2026-06-20 15:28:54,196 INFO httpx HTTP Request: GET https://api.sbis.ru/retail/v2/nomenclature/list?withBalance=true&page=0&pageSize=100&pointId=170&priceListId=13&searchString=X148307 "HTTP/1.1 200 OK"
2026-06-20 15:28:54,198 INFO httpx HTTP Request: GET https://api.sbis.ru/retail/v2/nomenclature/list?withBalance=true&page=0&pageSize=100&pointId=170&priceListId=13&searchString=X1196834 "HTTP/1.1 200 OK"
2026-06-20 15:28:54,243 INFO httpx HTTP Request: GET https://api.sbis.ru/retail/v2/nomenclature/list?withBalance=true&page=0&pageSize=100&pointId=170&priceListId=13&searchString=X2013503 "HTTP/1.1 200 OK"
2026-06-20 15:28:54,244 INFO httpx HTTP Request: GET https://api.sbis.ru/retail/v2/nomenclature/list?withBalance=true&page=0&pageSize=100&pointId=170&priceListId=13&searchString=X1889458 "HTTP/1.1 200 OK"
2026-06-20 15:28:54,246 INFO httpx HTTP Request: GET https://api.sbis.ru/retail/v2/nomenclature/list?withBalance=true&page=0&pageSize=100&pointId=170&priceListId=13&searchString=X1323944 "HTTP/1.1 200 OK"
2026-06-20 15:28:54,246 INFO httpx HTTP Request: GET https://api.sbis.ru/retail/v2/nomenclature/list?withBalance=true&page=0&pageSize=100&pointId=170&priceListId=13&searchString=X1930568 "HTTP/1.1 200 OK"
2026-06-20 15:28:54,247 INFO httpx HTTP Request: GET https://api.sbis.ru/retail/v2/nomenclature/list?withBalance=true&page=0&pageSize=100&pointId=170&priceListId=13&searchString=X1544116 "HTTP/1.1 200 OK"
2026-06-20 15:28:54,247 INFO httpx HTTP Request: GET https://api.sbis.ru/retail/v2/nomenclature/list?withBalance=true&page=0&pageSize=100&pointId=170&priceListId=13&searchString=X1376210 "HTTP/1.1 200 OK"
2026-06-20 15:28:54,972 INFO httpx HTTP Request: GET https://api.sbis.ru/retail/v2/nomenclature/list?withBalance=true&page=0&pageSize=100&pointId=170&priceListId=13&searchString=X2272676 "HTTP/1.1 200 OK"
2026-06-20 15:28:55,005 INFO httpx HTTP Request: GET https://api.sbis.ru/retail/v2/nomenclature/list?withBalance=true&page=0&pageSize=100&pointId=170&priceListId=13&searchString=X2087717 "HTTP/1.1 200 OK"
2026-06-20 15:28:55,006 INFO httpx HTTP Request: GET https://api.sbis.ru/retail/v2/nomenclature/list?withBalance=true&page=0&pageSize=100&pointId=170&priceListId=13&searchString=X2045044 "HTTP/1.1 200 OK"
2026-06-20 15:28:55,011 INFO httpx HTTP Request: GET https://api.sbis.ru/retail/v2/nomenclature/list?withBalance=true&page=0&pageSize=100&pointId=170&priceListId=13&searchString=X2344308 "HTTP/1.1 200 OK"
2026-06-20 15:28:55,055 INFO httpx HTTP Request: GET https://api.sbis.ru/retail/v2/nomenclature/list?withBalance=true&page=0&pageSize=100&pointId=170&priceListId=13&searchString=X256742 "HTTP/1.1 200 OK"
2026-06-20 15:28:55,055 INFO httpx HTTP Request: GET https://api.sbis.ru/retail/v2/nomenclature/list?withBalance=true&page=0&pageSize=100&pointId=170&priceListId=13&searchString=X30847 "HTTP/1.1 200 OK"
2026-06-20 15:28:55,056 INFO httpx HTTP Request: GET https://api.sbis.ru/retail/v2/nomenclature/list?withBalance=true&page=0&pageSize=100&pointId=170&priceListId=13&searchString=X2681527 "HTTP/1.1 200 OK"
2026-06-20 15:28:55,100 INFO httpx HTTP Request: GET https://api.sbis.ru/retail/v2/nomenclature/list?withBalance=true&page=0&pageSize=100&pointId=170&priceListId=13&searchString=X2625104 "HTTP/1.1 200 OK"
2026-06-20 15:28:55,606 INFO httpx HTTP Request: GET https://api.sbis.ru/retail/v2/nomenclature/list?withBalance=true&page=0&pageSize=100&pointId=170&priceListId=13&searchString=X2957126 "HTTP/1.1 200 OK"
2026-06-20 15:28:55,631 INFO httpx HTTP Request: GET https://api.sbis.ru/retail/v2/nomenclature/list?withBalance=true&page=0&pageSize=100&pointId=170&priceListId=13&searchString=X2844023 "HTTP/1.1 200 OK"
2026-06-20 15:28:55,721 INFO httpx HTTP Request: GET https://api.sbis.ru/retail/v2/nomenclature/list?withBalance=true&page=0&pageSize=100&pointId=170&priceListId=13&searchString=X3454000 "HTTP/1.1 200 OK"
2026-06-20 15:28:55,722 INFO httpx HTTP Request: GET https://api.sbis.ru/retail/v2/nomenclature/list?withBalance=true&page=0&pageSize=100&pointId=170&priceListId=13&searchString=X317557 "HTTP/1.1 200 OK"
2026-06-20 15:28:55,774 INFO httpx HTTP Request: GET https://api.sbis.ru/retail/v2/nomenclature/list?withBalance=true&page=0&pageSize=100&pointId=170&priceListId=13&searchString=X3489158 "HTTP/1.1 200 OK"
2026-06-20 15:28:55,788 INFO httpx HTTP Request: GET https://api.sbis.ru/retail/v2/nomenclature/list?withBalance=true&page=0&pageSize=100&pointId=170&priceListId=13&searchString=X384693 "HTTP/1.1 200 OK"
2026-06-20 15:28:55,790 INFO httpx HTTP Request: GET https://api.sbis.ru/retail/v2/nomenclature/list?withBalance=true&page=0&pageSize=100&pointId=170&priceListId=13&searchString=X3166124 "HTTP/1.1 200 OK"
2026-06-20 15:28:55,790 INFO httpx HTTP Request: GET https://api.sbis.ru/retail/v2/nomenclature/list?withBalance=true&page=0&pageSize=100&pointId=170&priceListId=13&searchString=X3982883 "HTTP/1.1 200 OK"
2026-06-20 15:28:55,829 INFO httpx HTTP Request: GET https://api.sbis.ru/retail/v2/nomenclature/list?withBalance=true&page=0&pageSize=100&pointId=170&priceListId=13&searchString=X3488707 "HTTP/1.1 200 OK"
2026-06-20 15:28:55,845 INFO httpx HTTP Request: GET https://api.sbis.ru/retail/v2/nomenclature/list?withBalance=true&page=0&pageSize=100&pointId=170&priceListId=13&searchString=X4152753 "HTTP/1.1 200 OK"
2026-06-20 15:28:56,352 INFO httpx HTTP Request: GET https://api.sbis.ru/retail/v2/nomenclature/list?withBalance=true&page=0&pageSize=100&pointId=170&priceListId=13&searchString=X429454 "HTTP/1.1 200 OK"
2026-06-20 15:28:56,394 INFO httpx HTTP Request: GET https://api.sbis.ru/retail/v2/nomenclature/list?withBalance=true&page=0&pageSize=100&pointId=170&priceListId=13&searchString=X4250003 "HTTP/1.1 200 OK"
2026-06-20 15:28:56,450 INFO httpx HTTP Request: GET https://api.sbis.ru/retail/v2/nomenclature/list?withBalance=true&page=0&pageSize=100&pointId=170&priceListId=13&searchString=X448088 "HTTP/1.1 200 OK"
2026-06-20 15:28:56,468 INFO httpx HTTP Request: GET https://api.sbis.ru/retail/v2/nomenclature/list?withBalance=true&page=0&pageSize=100&pointId=170&priceListId=13&searchString=X4375504 "HTTP/1.1 200 OK"
2026-06-20 15:28:56,487 INFO httpx HTTP Request: GET https://api.sbis.ru/retail/v2/nomenclature/list?withBalance=true&page=0&pageSize=100&pointId=170&priceListId=13&searchString=X4524339 "HTTP/1.1 200 OK"
2026-06-20 15:28:56,500 INFO httpx HTTP Request: GET https://api.sbis.ru/retail/v2/nomenclature/list?withBalance=true&page=0&pageSize=100&pointId=170&priceListId=13&searchString=X4864317 "HTTP/1.1 200 OK"
2026-06-20 15:28:56,545 INFO httpx HTTP Request: GET https://api.sbis.ru/retail/v2/nomenclature/list?withBalance=true&page=0&pageSize=100&pointId=170&priceListId=13&searchString=X5241077 "HTTP/1.1 200 OK"
2026-06-20 15:28:56,558 INFO httpx HTTP Request: GET https://api.sbis.ru/retail/v2/nomenclature/list?withBalance=true&page=0&pageSize=100&pointId=170&priceListId=13&searchString=X5334605 "HTTP/1.1 200 OK"
2026-06-20 15:28:56,573 INFO httpx HTTP Request: GET https://api.sbis.ru/retail/v2/nomenclature/list?withBalance=true&page=0&pageSize=100&pointId=170&priceListId=13&searchString=X5055339 "HTTP/1.1 200 OK"
2026-06-20 15:28:56,589 INFO httpx HTTP Request: GET https://api.sbis.ru/retail/v2/nomenclature/list?withBalance=true&page=0&pageSize=100&pointId=170&priceListId=13&searchString=X5239777 "HTTP/1.1 200 OK"
2026-06-20 15:28:57,082 INFO httpx HTTP Request: GET https://api.sbis.ru/retail/v2/nomenclature/list?withBalance=true&page=0&pageSize=100&pointId=170&priceListId=13&searchString=X5364562 "HTTP/1.1 200 OK"
2026-06-20 15:28:57,116 INFO httpx HTTP Request: GET https://api.sbis.ru/retail/v2/nomenclature/list?withBalance=true&page=0&pageSize=100&pointId=170&priceListId=13&searchString=X554545 "HTTP/1.1 200 OK"
2026-06-20 15:28:57,134 INFO httpx HTTP Request: GET https://api.sbis.ru/retail/v2/nomenclature/list?withBalance=true&page=0&pageSize=100&pointId=170&priceListId=13&searchString=X572024 "HTTP/1.1 200 OK"
2026-06-20 15:28:57,205 INFO httpx HTTP Request: GET https://api.sbis.ru/retail/v2/nomenclature/list?withBalance=true&page=0&pageSize=100&pointId=170&priceListId=13&searchString=X5877346 "HTTP/1.1 200 OK"
2026-06-20 15:28:57,221 INFO httpx HTTP Request: GET https://api.sbis.ru/retail/v2/nomenclature/list?withBalance=true&page=0&pageSize=100&pointId=170&priceListId=13&searchString=X5997691 "HTTP/1.1 200 OK"
2026-06-20 15:28:57,235 INFO httpx HTTP Request: GET https://api.sbis.ru/retail/v2/nomenclature/list?withBalance=true&page=0&pageSize=100&pointId=170&priceListId=13&searchString=X607503 "HTTP/1.1 200 OK"
2026-06-20 15:28:57,252 INFO httpx HTTP Request: GET https://api.sbis.ru/retail/v2/nomenclature/list?withBalance=true&page=0&pageSize=100&pointId=170&priceListId=13&searchString=X6181860 "HTTP/1.1 200 OK"
2026-06-20 15:28:57,288 INFO httpx HTTP Request: GET https://api.sbis.ru/retail/v2/nomenclature/list?withBalance=true&page=0&pageSize=100&pointId=170&priceListId=13&searchString=X6228021 "HTTP/1.1 200 OK"
2026-06-20 15:28:57,308 INFO httpx HTTP Request: GET https://api.sbis.ru/retail/v2/nomenclature/list?withBalance=true&page=0&pageSize=100&pointId=170&priceListId=13&searchString=X5998076 "HTTP/1.1 200 OK"
2026-06-20 15:28:57,321 INFO httpx HTTP Request: GET https://api.sbis.ru/retail/v2/nomenclature/list?withBalance=true&page=0&pageSize=100&pointId=170&priceListId=13&searchString=X6333835 "HTTP/1.1 200 OK"
2026-06-20 15:28:57,830 INFO httpx HTTP Request: GET https://api.sbis.ru/retail/v2/nomenclature/list?withBalance=true&page=0&pageSize=100&pointId=170&priceListId=13&searchString=X6386869 "HTTP/1.1 200 OK"
2026-06-20 15:28:57,833 INFO httpx HTTP Request: GET https://api.sbis.ru/retail/v2/nomenclature/list?withBalance=true&page=0&pageSize=100&pointId=170&priceListId=13&searchString=X6401232 "HTTP/1.1 200 OK"
2026-06-20 15:28:57,861 INFO httpx HTTP Request: GET https://api.sbis.ru/retail/v2/nomenclature/list?withBalance=true&page=0&pageSize=100&pointId=170&priceListId=13&searchString=X6353582 "HTTP/1.1 200 OK"
2026-06-20 15:28:57,939 INFO httpx HTTP Request: GET https://api.sbis.ru/retail/v2/nomenclature/list?withBalance=true&page=0&pageSize=100&pointId=170&priceListId=13&searchString=X6437665 "HTTP/1.1 200 OK"
2026-06-20 15:28:57,940 INFO httpx HTTP Request: GET https://api.sbis.ru/retail/v2/nomenclature/list?withBalance=true&page=0&pageSize=100&pointId=170&priceListId=13&searchString=X6464844 "HTTP/1.1 200 OK"
2026-06-20 15:28:57,968 INFO httpx HTTP Request: GET https://api.sbis.ru/retail/v2/nomenclature/list?withBalance=true&page=0&pageSize=100&pointId=170&priceListId=13&searchString=X6578043 "HTTP/1.1 200 OK"
2026-06-20 15:28:57,968 INFO httpx HTTP Request: GET https://api.sbis.ru/retail/v2/nomenclature/list?withBalance=true&page=0&pageSize=100&pointId=170&priceListId=13&searchString=X6503678 "HTTP/1.1 200 OK"
2026-06-20 15:28:57,993 INFO httpx HTTP Request: GET https://api.sbis.ru/retail/v2/nomenclature/list?withBalance=true&page=0&pageSize=100&pointId=170&priceListId=13&searchString=X6729114 "HTTP/1.1 200 OK"
2026-06-20 15:28:58,009 INFO httpx HTTP Request: GET https://api.sbis.ru/retail/v2/nomenclature/list?withBalance=true&page=0&pageSize=100&pointId=170&priceListId=13&searchString=X7130629 "HTTP/1.1 200 OK"
2026-06-20 15:28:58,022 INFO httpx HTTP Request: GET https://api.sbis.ru/retail/v2/nomenclature/list?withBalance=true&page=0&pageSize=100&pointId=170&priceListId=13&searchString=X6608068 "HTTP/1.1 200 OK"
2026-06-20 15:28:58,610 INFO httpx HTTP Request: GET https://api.sbis.ru/retail/v2/nomenclature/list?withBalance=true&page=0&pageSize=100&pointId=170&priceListId=13&searchString=X7478640 "HTTP/1.1 200 OK"
2026-06-20 15:28:58,637 INFO httpx HTTP Request: GET https://api.sbis.ru/retail/v2/nomenclature/list?withBalance=true&page=0&pageSize=100&pointId=170&priceListId=13&searchString=X74133 "HTTP/1.1 200 OK"
2026-06-20 15:28:58,638 INFO httpx HTTP Request: GET https://api.sbis.ru/retail/v2/nomenclature/list?withBalance=true&page=0&pageSize=100&pointId=170&priceListId=13&searchString=X7226503 "HTTP/1.1 200 OK"
2026-06-20 15:28:58,672 INFO httpx HTTP Request: GET https://api.sbis.ru/retail/v2/nomenclature/list?withBalance=true&page=0&pageSize=100&pointId=170&priceListId=13&searchString=X7640022 "HTTP/1.1 200 OK"
2026-06-20 15:28:58,693 INFO httpx HTTP Request: GET https://api.sbis.ru/retail/v2/nomenclature/list?withBalance=true&page=0&pageSize=100&pointId=170&priceListId=13&searchString=X7584433 "HTTP/1.1 200 OK"
2026-06-20 15:28:58,705 INFO httpx HTTP Request: GET https://api.sbis.ru/retail/v2/nomenclature/list?withBalance=true&page=0&pageSize=100&pointId=170&priceListId=13&searchString=X7596816 "HTTP/1.1 200 OK"
2026-06-20 15:28:58,717 INFO httpx HTTP Request: GET https://api.sbis.ru/retail/v2/nomenclature/list?withBalance=true&page=0&pageSize=100&pointId=170&priceListId=13&searchString=X7551710 "HTTP/1.1 200 OK"
2026-06-20 15:28:58,732 INFO httpx HTTP Request: GET https://api.sbis.ru/retail/v2/nomenclature/list?withBalance=true&page=0&pageSize=100&pointId=170&priceListId=13&searchString=X7509948 "HTTP/1.1 200 OK"
2026-06-20 15:28:58,760 INFO httpx HTTP Request: GET https://api.sbis.ru/retail/v2/nomenclature/list?withBalance=true&page=0&pageSize=100&pointId=170&priceListId=13&searchString=X7659478 "HTTP/1.1 200 OK"
2026-06-20 15:28:58,772 INFO httpx HTTP Request: GET https://api.sbis.ru/retail/v2/nomenclature/list?withBalance=true&page=0&pageSize=100&pointId=170&priceListId=13&searchString=X7702945 "HTTP/1.1 200 OK"
2026-06-20 15:28:59,400 INFO httpx HTTP Request: GET https://api.sbis.ru/retail/v2/nomenclature/list?withBalance=true&page=0&pageSize=100&pointId=170&priceListId=13&searchString=X7922240 "HTTP/1.1 200 OK"
2026-06-20 15:28:59,401 INFO httpx HTTP Request: GET https://api.sbis.ru/retail/v2/nomenclature/list?withBalance=true&page=0&pageSize=100&pointId=170&priceListId=13&searchString=X7998115 "HTTP/1.1 200 OK"
2026-06-20 15:28:59,449 INFO httpx HTTP Request: GET https://api.sbis.ru/retail/v2/nomenclature/list?withBalance=true&page=0&pageSize=100&pointId=170&priceListId=13&searchString=X7971619 "HTTP/1.1 200 OK"
2026-06-20 15:28:59,449 INFO httpx HTTP Request: GET https://api.sbis.ru/retail/v2/nomenclature/list?withBalance=true&page=0&pageSize=100&pointId=170&priceListId=13&searchString=X7840533 "HTTP/1.1 200 OK"
2026-06-20 15:28:59,450 INFO httpx HTTP Request: GET https://api.sbis.ru/retail/v2/nomenclature/list?withBalance=true&page=0&pageSize=100&pointId=170&priceListId=13&searchString=X8026576 "HTTP/1.1 200 OK"
2026-06-20 15:28:59,450 INFO httpx HTTP Request: GET https://api.sbis.ru/retail/v2/nomenclature/list?withBalance=true&page=0&pageSize=100&pointId=170&priceListId=13&searchString=X807153 "HTTP/1.1 200 OK"
2026-06-20 15:28:59,500 INFO httpx HTTP Request: GET https://api.sbis.ru/retail/v2/nomenclature/list?withBalance=true&page=0&pageSize=100&pointId=170&priceListId=13&searchString=X8035317 "HTTP/1.1 200 OK"
2026-06-20 15:28:59,500 INFO httpx HTTP Request: GET https://api.sbis.ru/retail/v2/nomenclature/list?withBalance=true&page=0&pageSize=100&pointId=170&priceListId=13&searchString=X8081831 "HTTP/1.1 200 OK"
2026-06-20 15:28:59,501 INFO httpx HTTP Request: GET https://api.sbis.ru/retail/v2/nomenclature/list?withBalance=true&page=0&pageSize=100&pointId=170&priceListId=13&searchString=X8124430 "HTTP/1.1 200 OK"
2026-06-20 15:28:59,501 INFO httpx HTTP Request: GET https://api.sbis.ru/retail/v2/nomenclature/list?withBalance=true&page=0&pageSize=100&pointId=170&priceListId=13&searchString=X8177837 "HTTP/1.1 200 OK"
2026-06-20 15:29:00,219 INFO httpx HTTP Request: GET https://api.sbis.ru/retail/v2/nomenclature/list?withBalance=true&page=0&pageSize=100&pointId=170&priceListId=13&searchString=X8744110 "HTTP/1.1 200 OK"
2026-06-20 15:29:00,235 INFO httpx HTTP Request: GET https://api.sbis.ru/retail/v2/nomenclature/list?withBalance=true&page=0&pageSize=100&pointId=170&priceListId=13&searchString=X8358934 "HTTP/1.1 200 OK"
2026-06-20 15:29:00,235 INFO httpx HTTP Request: GET https://api.sbis.ru/retail/v2/nomenclature/list?withBalance=true&page=0&pageSize=100&pointId=170&priceListId=13&searchString=X8248484 "HTTP/1.1 200 OK"
2026-06-20 15:29:00,260 INFO httpx HTTP Request: GET https://api.sbis.ru/retail/v2/nomenclature/list?withBalance=true&page=0&pageSize=100&pointId=170&priceListId=13&searchString=X8249791 "HTTP/1.1 200 OK"
2026-06-20 15:29:00,282 INFO httpx HTTP Request: GET https://api.sbis.ru/retail/v2/nomenclature/list?withBalance=true&page=0&pageSize=100&pointId=170&priceListId=13&searchString=X8765407 "HTTP/1.1 200 OK"
2026-06-20 15:29:00,297 INFO httpx HTTP Request: GET https://api.sbis.ru/retail/v2/nomenclature/list?withBalance=true&page=0&pageSize=100&pointId=170&priceListId=13&searchString=X8656949 "HTTP/1.1 200 OK"
2026-06-20 15:29:00,298 INFO httpx HTTP Request: GET https://api.sbis.ru/retail/v2/nomenclature/list?withBalance=true&page=0&pageSize=100&pointId=170&priceListId=13&searchString=X8700663 "HTTP/1.1 200 OK"
2026-06-20 15:29:00,322 INFO httpx HTTP Request: GET https://api.sbis.ru/retail/v2/nomenclature/list?withBalance=true&page=0&pageSize=100&pointId=170&priceListId=13&searchString=X8313761 "HTTP/1.1 200 OK"
2026-06-20 15:29:00,322 INFO httpx HTTP Request: GET https://api.sbis.ru/retail/v2/nomenclature/list?withBalance=true&page=0&pageSize=100&pointId=170&priceListId=13&searchString=X8721250 "HTTP/1.1 200 OK"
2026-06-20 15:29:00,344 INFO httpx HTTP Request: GET https://api.sbis.ru/retail/v2/nomenclature/list?withBalance=true&page=0&pageSize=100&pointId=170&priceListId=13&searchString=X8399051 "HTTP/1.1 200 OK"
2026-06-20 15:29:00,938 INFO httpx HTTP Request: GET https://api.sbis.ru/retail/v2/nomenclature/list?withBalance=true&page=0&pageSize=100&pointId=170&priceListId=13&searchString=X8810846 "HTTP/1.1 200 OK"
2026-06-20 15:29:00,940 INFO httpx HTTP Request: GET https://api.sbis.ru/retail/v2/nomenclature/list?withBalance=true&page=0&pageSize=100&pointId=170&priceListId=13&searchString=X8849526 "HTTP/1.1 200 OK"
2026-06-20 15:29:00,954 INFO httpx HTTP Request: GET https://api.sbis.ru/retail/v2/nomenclature/list?withBalance=true&page=0&pageSize=100&pointId=170&priceListId=13&searchString=X9285091 "HTTP/1.1 200 OK"
2026-06-20 15:29:00,960 INFO httpx HTTP Request: GET https://api.sbis.ru/retail/v2/nomenclature/list?withBalance=true&page=0&pageSize=100&pointId=170&priceListId=13&searchString=X9260806 "HTTP/1.1 200 OK"
2026-06-20 15:29:00,975 INFO httpx HTTP Request: GET https://api.sbis.ru/retail/v2/nomenclature/list?withBalance=true&page=0&pageSize=100&pointId=170&priceListId=13&searchString=X9502404 "HTTP/1.1 200 OK"
2026-06-20 15:29:00,998 INFO httpx HTTP Request: GET https://api.sbis.ru/retail/v2/nomenclature/list?withBalance=true&page=0&pageSize=100&pointId=170&priceListId=13&searchString=X8783690 "HTTP/1.1 200 OK"
2026-06-20 15:29:01,038 INFO httpx HTTP Request: GET https://api.sbis.ru/retail/v2/nomenclature/list?withBalance=true&page=0&pageSize=100&pointId=170&priceListId=13&searchString=X9847596 "HTTP/1.1 200 OK"
2026-06-20 15:29:01,072 INFO httpx HTTP Request: GET https://api.sbis.ru/retail/v2/nomenclature/list?withBalance=true&page=0&pageSize=100&pointId=170&priceListId=13&searchString=X9541106 "HTTP/1.1 200 OK"
2026-06-20 15:29:01,089 INFO httpx HTTP Request: GET https://api.sbis.ru/retail/v2/nomenclature/list?withBalance=true&page=0&pageSize=100&pointId=170&priceListId=13&searchString=X9627238 "HTTP/1.1 200 OK"
2026-06-20 15:29:01,092 INFO httpx HTTP Request: GET https://api.sbis.ru/retail/v2/nomenclature/list?withBalance=true&page=0&pageSize=100&pointId=170&priceListId=13&searchString=X9766737 "HTTP/1.1 200 OK"
2026-06-20 15:29:01,305 INFO src.backend.app.services.orchestrator sync_run completed
2026-06-20 15:29:03,552 INFO httpx HTTP Request: GET https://api.sbis.ru/retail/order/list?fromDateTime=2026-04-01+00%3A00%3A00&page=0&pageSize=200&toDateTime=2026-05-01+00%3A00%3A00&pointId=170 "HTTP/1.1 200 OK"
2026-06-20 15:29:03,839 ERROR src.backend.app.services.orchestrator Sync failed: entity=SyncEntity.sales store_id=170
Traceback (most recent call last):
  File "/app/src/backend/app/services/orchestrator.py", line 269, in _run_locked
    rows, cursor_from, cursor_to = await self._dispatch(
                                   ^^^^^^^^^^^^^^^^^^^^^
  File "/app/src/backend/app/services/orchestrator.py", line 335, in _dispatch
    rows = await sync_sales(session, self._client, store_id, slices)
           ^^^^^^^^^^^^^^^^^^^^^^^^^^^^^^^^^^^^^^^^^^^^^^^^^^^^^^^^^
  File "/app/src/backend/app/ingestion/sales.py", line 155, in sync_sales
    sale_lines_total += await _sync_sales_window(
                        ^^^^^^^^^^^^^^^^^^^^^^^^^
  File "/app/src/backend/app/ingestion/sales.py", line 232, in _sync_sales_window
    if line.is_return is True:
       ^^^^^^^^^^^^^^
  File "/usr/local/lib/python3.12/site-packages/pydantic/main.py", line 1042, in __getattr__
    raise AttributeError(f'{type(self).__name__!r} object has no attribute {item!r}')
AttributeError: 'OrderLinePayload' object has no attribute 'is_return'
2026-06-20 15:29:03,847 ERROR src.backend.app.services.orchestrator Background sync failed: entity=SyncEntity.sales store_id=170
Traceback (most recent call last):
  File "/app/src/backend/app/services/orchestrator.py", line 231, in _safe_run
    await self._run_locked(entity, store_id)
  File "/app/src/backend/app/services/orchestrator.py", line 269, in _run_locked
    rows, cursor_from, cursor_to = await self._dispatch(
                                   ^^^^^^^^^^^^^^^^^^^^^
  File "/app/src/backend/app/services/orchestrator.py", line 335, in _dispatch
    rows = await sync_sales(session, self._client, store_id, slices)
           ^^^^^^^^^^^^^^^^^^^^^^^^^^^^^^^^^^^^^^^^^^^^^^^^^^^^^^^^^
  File "/app/src/backend/app/ingestion/sales.py", line 155, in sync_sales
    sale_lines_total += await _sync_sales_window(
                        ^^^^^^^^^^^^^^^^^^^^^^^^^
  File "/app/src/backend/app/ingestion/sales.py", line 232, in _sync_sales_window
    if line.is_return is True:
       ^^^^^^^^^^^^^^
  File "/usr/local/lib/python3.12/site-packages/pydantic/main.py", line 1042, in __getattr__
    raise AttributeError(f'{type(self).__name__!r} object has no attribute {item!r}')
AttributeError: 'OrderLinePayload' object has no attribute 'is_return'
2026-06-20 15:30:11,277 INFO watchfiles.main 1 change detected
2026-06-20 15:31:47,958 INFO watchfiles.main 1 change detected
2026-06-20 15:31:49,287 INFO httpx HTTP Request: POST https://online.sbis.ru/oauth/service/ "HTTP/1.1 200 OK"
2026-06-20 15:31:50,314 INFO httpx HTTP Request: GET https://api.sbis.ru/retail/point/list?product=retail&page=0&pageSize=200 "HTTP/1.1 200 OK"
2026-06-20 15:31:50,962 INFO httpx HTTP Request: GET https://api.sbis.ru/retail/nomenclature/price-list?page=0&pageSize=100&pointId=3900&actualDate=2026-06-20 "HTTP/1.1 200 OK"
2026-06-20 15:31:50,964 INFO httpx HTTP Request: GET https://api.sbis.ru/retail/nomenclature/price-list?page=0&pageSize=100&pointId=25042&actualDate=2026-06-20 "HTTP/1.1 200 OK"
2026-06-20 15:31:50,978 INFO httpx HTTP Request: GET https://api.sbis.ru/retail/nomenclature/price-list?page=0&pageSize=100&pointId=20268&actualDate=2026-06-20 "HTTP/1.1 200 OK"
2026-06-20 15:31:50,989 INFO httpx HTTP Request: GET https://api.sbis.ru/retail/nomenclature/price-list?page=0&pageSize=100&pointId=204&actualDate=2026-06-20 "HTTP/1.1 200 OK"
2026-06-20 15:31:50,990 INFO httpx HTTP Request: GET https://api.sbis.ru/retail/nomenclature/price-list?page=0&pageSize=100&pointId=2116&actualDate=2026-06-20 "HTTP/1.1 200 OK"
2026-06-20 15:31:51,019 INFO httpx HTTP Request: GET https://api.sbis.ru/retail/nomenclature/price-list?page=0&pageSize=100&pointId=241&actualDate=2026-06-20 "HTTP/1.1 200 OK"
2026-06-20 15:31:51,023 INFO httpx HTTP Request: GET https://api.sbis.ru/retail/nomenclature/price-list?page=0&pageSize=100&pointId=170&actualDate=2026-06-20 "HTTP/1.1 200 OK"
2026-06-20 15:31:51,043 INFO src.backend.app.services.orchestrator sync_run completed
2026-06-20 15:31:53,057 INFO httpx HTTP Request: GET https://api.sbis.ru/retail/v2/nomenclature/list?withBalance=true&page=0&pageSize=500&pointId=170&priceListId=13 "HTTP/1.1 200 OK"
2026-06-20 15:31:53,270 WARNING src.backend.app.ingestion.stock Skipping stock row with invalid payload for store 170: None
2026-06-20 15:31:53,271 WARNING src.backend.app.ingestion.stock Skipping stock row with invalid payload for store 170: None
2026-06-20 15:31:53,271 WARNING src.backend.app.ingestion.stock Skipping stock row with invalid payload for store 170: None
2026-06-20 15:31:53,274 WARNING src.backend.app.ingestion.stock Skipping stock row with invalid payload for store 170: None
2026-06-20 15:31:53,274 WARNING src.backend.app.ingestion.stock Skipping stock row with invalid payload for store 170: None
2026-06-20 15:31:53,275 WARNING src.backend.app.ingestion.stock Skipping stock row with invalid payload for store 170: None
2026-06-20 15:31:53,275 WARNING src.backend.app.ingestion.stock Skipping stock row with invalid payload for store 170: None
2026-06-20 15:31:55,162 INFO httpx HTTP Request: GET https://api.sbis.ru/retail/v2/nomenclature/list?withBalance=true&page=1&pageSize=500&pointId=170&priceListId=13 "HTTP/1.1 200 OK"
2026-06-20 15:31:55,428 WARNING src.backend.app.ingestion.stock Skipping stock row with invalid payload for store 170: None
2026-06-20 15:31:55,430 WARNING src.backend.app.ingestion.stock Skipping stock row with invalid payload for store 170: None
2026-06-20 15:31:55,431 WARNING src.backend.app.ingestion.stock Skipping stock row with invalid payload for store 170: None
2026-06-20 15:31:55,431 WARNING src.backend.app.ingestion.stock Skipping stock row with invalid payload for store 170: None
2026-06-20 15:31:55,431 WARNING src.backend.app.ingestion.stock Skipping stock row with invalid payload for store 170: None
2026-06-20 15:31:56,110 INFO httpx HTTP Request: GET https://api.sbis.ru/retail/v2/nomenclature/list?withBalance=true&page=0&pageSize=100&pointId=170&priceListId=13&searchString=X148307 "HTTP/1.1 200 OK"
2026-06-20 15:31:56,330 INFO httpx HTTP Request: GET https://api.sbis.ru/retail/v2/nomenclature/list?withBalance=true&page=0&pageSize=100&pointId=170&priceListId=13&searchString=X1016836 "HTTP/1.1 200 OK"
2026-06-20 15:31:56,362 INFO httpx HTTP Request: GET https://api.sbis.ru/retail/v2/nomenclature/list?withBalance=true&page=0&pageSize=100&pointId=170&priceListId=13&searchString=X1196834 "HTTP/1.1 200 OK"
2026-06-20 15:31:56,377 INFO httpx HTTP Request: GET https://api.sbis.ru/retail/v2/nomenclature/list?withBalance=true&page=0&pageSize=100&pointId=170&priceListId=13&searchString=X1544116 "HTTP/1.1 200 OK"
2026-06-20 15:31:56,393 INFO httpx HTTP Request: GET https://api.sbis.ru/retail/v2/nomenclature/list?withBalance=true&page=0&pageSize=100&pointId=170&priceListId=13&searchString=X1376210 "HTTP/1.1 200 OK"
2026-06-20 15:31:56,408 INFO httpx HTTP Request: GET https://api.sbis.ru/retail/v2/nomenclature/list?withBalance=true&page=0&pageSize=100&pointId=170&priceListId=13&searchString=X1889458 "HTTP/1.1 200 OK"
2026-06-20 15:31:56,413 INFO httpx HTTP Request: GET https://api.sbis.ru/retail/v2/nomenclature/list?withBalance=true&page=0&pageSize=100&pointId=170&priceListId=13&searchString=X2013503 "HTTP/1.1 200 OK"
2026-06-20 15:31:56,439 INFO httpx HTTP Request: GET https://api.sbis.ru/retail/v2/nomenclature/list?withBalance=true&page=0&pageSize=100&pointId=170&priceListId=13&searchString=X1930568 "HTTP/1.1 200 OK"
2026-06-20 15:31:56,455 INFO httpx HTTP Request: GET https://api.sbis.ru/retail/v2/nomenclature/list?withBalance=true&page=0&pageSize=100&pointId=170&priceListId=13&searchString=X1323944 "HTTP/1.1 200 OK"
2026-06-20 15:31:56,542 INFO httpx HTTP Request: GET https://api.sbis.ru/retail/v2/nomenclature/list?withBalance=true&page=0&pageSize=100&pointId=170&priceListId=13&searchString=X1434152 "HTTP/1.1 200 OK"
2026-06-20 15:31:56,880 INFO httpx HTTP Request: GET https://api.sbis.ru/retail/v2/nomenclature/list?withBalance=true&page=0&pageSize=100&pointId=170&priceListId=13&searchString=X2045044 "HTTP/1.1 200 OK"
2026-06-20 15:31:57,079 INFO httpx HTTP Request: GET https://api.sbis.ru/retail/v2/nomenclature/list?withBalance=true&page=0&pageSize=100&pointId=170&priceListId=13&searchString=X256742 "HTTP/1.1 200 OK"
2026-06-20 15:31:57,106 INFO httpx HTTP Request: GET https://api.sbis.ru/retail/v2/nomenclature/list?withBalance=true&page=0&pageSize=100&pointId=170&priceListId=13&searchString=X2087717 "HTTP/1.1 200 OK"
2026-06-20 15:31:57,106 INFO httpx HTTP Request: GET https://api.sbis.ru/retail/v2/nomenclature/list?withBalance=true&page=0&pageSize=100&pointId=170&priceListId=13&searchString=X30847 "HTTP/1.1 200 OK"
2026-06-20 15:31:57,135 INFO httpx HTTP Request: GET https://api.sbis.ru/retail/v2/nomenclature/list?withBalance=true&page=0&pageSize=100&pointId=170&priceListId=13&searchString=X2681527 "HTTP/1.1 200 OK"
2026-06-20 15:31:57,135 INFO httpx HTTP Request: GET https://api.sbis.ru/retail/v2/nomenclature/list?withBalance=true&page=0&pageSize=100&pointId=170&priceListId=13&searchString=X2272676 "HTTP/1.1 200 OK"
2026-06-20 15:31:57,136 INFO httpx HTTP Request: GET https://api.sbis.ru/retail/v2/nomenclature/list?withBalance=true&page=0&pageSize=100&pointId=170&priceListId=13&searchString=X2344308 "HTTP/1.1 200 OK"
2026-06-20 15:31:57,160 INFO httpx HTTP Request: GET https://api.sbis.ru/retail/v2/nomenclature/list?withBalance=true&page=0&pageSize=100&pointId=170&priceListId=13&searchString=X2957126 "HTTP/1.1 200 OK"
2026-06-20 15:31:57,194 INFO httpx HTTP Request: GET https://api.sbis.ru/retail/v2/nomenclature/list?withBalance=true&page=0&pageSize=100&pointId=170&priceListId=13&searchString=X2625104 "HTTP/1.1 200 OK"
2026-06-20 15:31:57,207 INFO httpx HTTP Request: GET https://api.sbis.ru/retail/v2/nomenclature/list?withBalance=true&page=0&pageSize=100&pointId=170&priceListId=13&searchString=X2844023 "HTTP/1.1 200 OK"
2026-06-20 15:31:57,566 INFO httpx HTTP Request: GET https://api.sbis.ru/retail/v2/nomenclature/list?withBalance=true&page=0&pageSize=100&pointId=170&priceListId=13&searchString=X3166124 "HTTP/1.1 200 OK"
2026-06-20 15:31:57,904 INFO httpx HTTP Request: GET https://api.sbis.ru/retail/v2/nomenclature/list?withBalance=true&page=0&pageSize=100&pointId=170&priceListId=13&searchString=X384693 "HTTP/1.1 200 OK"
2026-06-20 15:31:57,935 INFO httpx HTTP Request: GET https://api.sbis.ru/retail/v2/nomenclature/list?withBalance=true&page=0&pageSize=100&pointId=170&priceListId=13&searchString=X317557 "HTTP/1.1 200 OK"
2026-06-20 15:31:57,936 INFO httpx HTTP Request: GET https://api.sbis.ru/retail/v2/nomenclature/list?withBalance=true&page=0&pageSize=100&pointId=170&priceListId=13&searchString=X3454000 "HTTP/1.1 200 OK"
2026-06-20 15:31:57,937 INFO httpx HTTP Request: GET https://api.sbis.ru/retail/v2/nomenclature/list?withBalance=true&page=0&pageSize=100&pointId=170&priceListId=13&searchString=X3488707 "HTTP/1.1 200 OK"
2026-06-20 15:31:57,938 INFO httpx HTTP Request: GET https://api.sbis.ru/retail/v2/nomenclature/list?withBalance=true&page=0&pageSize=100&pointId=170&priceListId=13&searchString=X3982883 "HTTP/1.1 200 OK"
2026-06-20 15:31:57,992 INFO httpx HTTP Request: GET https://api.sbis.ru/retail/v2/nomenclature/list?withBalance=true&page=0&pageSize=100&pointId=170&priceListId=13&searchString=X4250003 "HTTP/1.1 200 OK"
2026-06-20 15:31:57,993 INFO httpx HTTP Request: GET https://api.sbis.ru/retail/v2/nomenclature/list?withBalance=true&page=0&pageSize=100&pointId=170&priceListId=13&searchString=X3489158 "HTTP/1.1 200 OK"
2026-06-20 15:31:57,993 INFO httpx HTTP Request: GET https://api.sbis.ru/retail/v2/nomenclature/list?withBalance=true&page=0&pageSize=100&pointId=170&priceListId=13&searchString=X4152753 "HTTP/1.1 200 OK"
2026-06-20 15:31:57,996 INFO httpx HTTP Request: GET https://api.sbis.ru/retail/v2/nomenclature/list?withBalance=true&page=0&pageSize=100&pointId=170&priceListId=13&searchString=X429454 "HTTP/1.1 200 OK"
2026-06-20 15:31:58,316 INFO httpx HTTP Request: GET https://api.sbis.ru/retail/v2/nomenclature/list?withBalance=true&page=0&pageSize=100&pointId=170&priceListId=13&searchString=X4375504 "HTTP/1.1 200 OK"
2026-06-20 15:31:58,664 INFO httpx HTTP Request: GET https://api.sbis.ru/retail/v2/nomenclature/list?withBalance=true&page=0&pageSize=100&pointId=170&priceListId=13&searchString=X448088 "HTTP/1.1 200 OK"
2026-06-20 15:31:58,693 INFO httpx HTTP Request: GET https://api.sbis.ru/retail/v2/nomenclature/list?withBalance=true&page=0&pageSize=100&pointId=170&priceListId=13&searchString=X5055339 "HTTP/1.1 200 OK"
2026-06-20 15:31:58,694 INFO httpx HTTP Request: GET https://api.sbis.ru/retail/v2/nomenclature/list?withBalance=true&page=0&pageSize=100&pointId=170&priceListId=13&searchString=X4524339 "HTTP/1.1 200 OK"
2026-06-20 15:31:58,726 INFO httpx HTTP Request: GET https://api.sbis.ru/retail/v2/nomenclature/list?withBalance=true&page=0&pageSize=100&pointId=170&priceListId=13&searchString=X4864317 "HTTP/1.1 200 OK"
2026-06-20 15:31:58,727 INFO httpx HTTP Request: GET https://api.sbis.ru/retail/v2/nomenclature/list?withBalance=true&page=0&pageSize=100&pointId=170&priceListId=13&searchString=X5364562 "HTTP/1.1 200 OK"
2026-06-20 15:31:58,752 INFO httpx HTTP Request: GET https://api.sbis.ru/retail/v2/nomenclature/list?withBalance=true&page=0&pageSize=100&pointId=170&priceListId=13&searchString=X5334605 "HTTP/1.1 200 OK"
2026-06-20 15:31:58,752 INFO httpx HTTP Request: GET https://api.sbis.ru/retail/v2/nomenclature/list?withBalance=true&page=0&pageSize=100&pointId=170&priceListId=13&searchString=X5239777 "HTTP/1.1 200 OK"
2026-06-20 15:31:58,790 INFO httpx HTTP Request: GET https://api.sbis.ru/retail/v2/nomenclature/list?withBalance=true&page=0&pageSize=100&pointId=170&priceListId=13&searchString=X554545 "HTTP/1.1 200 OK"
2026-06-20 15:31:58,801 INFO httpx HTTP Request: GET https://api.sbis.ru/retail/v2/nomenclature/list?withBalance=true&page=0&pageSize=100&pointId=170&priceListId=13&searchString=X5241077 "HTTP/1.1 200 OK"
2026-06-20 15:31:59,074 INFO httpx HTTP Request: GET https://api.sbis.ru/retail/v2/nomenclature/list?withBalance=true&page=0&pageSize=100&pointId=170&priceListId=13&searchString=X572024 "HTTP/1.1 200 OK"
2026-06-20 15:31:59,390 INFO httpx HTTP Request: GET https://api.sbis.ru/retail/v2/nomenclature/list?withBalance=true&page=0&pageSize=100&pointId=170&priceListId=13&searchString=X5877346 "HTTP/1.1 200 OK"
2026-06-20 15:31:59,420 INFO httpx HTTP Request: GET https://api.sbis.ru/retail/v2/nomenclature/list?withBalance=true&page=0&pageSize=100&pointId=170&priceListId=13&searchString=X6181860 "HTTP/1.1 200 OK"
2026-06-20 15:31:59,439 INFO httpx HTTP Request: GET https://api.sbis.ru/retail/v2/nomenclature/list?withBalance=true&page=0&pageSize=100&pointId=170&priceListId=13&searchString=X6333835 "HTTP/1.1 200 OK"
2026-06-20 15:31:59,453 INFO httpx HTTP Request: GET https://api.sbis.ru/retail/v2/nomenclature/list?withBalance=true&page=0&pageSize=100&pointId=170&priceListId=13&searchString=X6228021 "HTTP/1.1 200 OK"
2026-06-20 15:31:59,454 INFO httpx HTTP Request: GET https://api.sbis.ru/retail/v2/nomenclature/list?withBalance=true&page=0&pageSize=100&pointId=170&priceListId=13&searchString=X5997691 "HTTP/1.1 200 OK"
2026-06-20 15:31:59,478 INFO httpx HTTP Request: GET https://api.sbis.ru/retail/v2/nomenclature/list?withBalance=true&page=0&pageSize=100&pointId=170&priceListId=13&searchString=X5998076 "HTTP/1.1 200 OK"
2026-06-20 15:31:59,504 INFO httpx HTTP Request: GET https://api.sbis.ru/retail/v2/nomenclature/list?withBalance=true&page=0&pageSize=100&pointId=170&priceListId=13&searchString=X607503 "HTTP/1.1 200 OK"
2026-06-20 15:31:59,528 INFO httpx HTTP Request: GET https://api.sbis.ru/retail/v2/nomenclature/list?withBalance=true&page=0&pageSize=100&pointId=170&priceListId=13&searchString=X6353582 "HTTP/1.1 200 OK"
2026-06-20 15:31:59,540 INFO httpx HTTP Request: GET https://api.sbis.ru/retail/v2/nomenclature/list?withBalance=true&page=0&pageSize=100&pointId=170&priceListId=13&searchString=X6386869 "HTTP/1.1 200 OK"
2026-06-20 15:31:59,700 INFO httpx HTTP Request: GET https://api.sbis.ru/retail/v2/nomenclature/list?withBalance=true&page=0&pageSize=100&pointId=170&priceListId=13&searchString=X6401232 "HTTP/1.1 200 OK"
2026-06-20 15:32:00,173 INFO httpx HTTP Request: GET https://api.sbis.ru/retail/v2/nomenclature/list?withBalance=true&page=0&pageSize=100&pointId=170&priceListId=13&searchString=X6503678 "HTTP/1.1 200 OK"
2026-06-20 15:32:00,175 INFO httpx HTTP Request: GET https://api.sbis.ru/retail/v2/nomenclature/list?withBalance=true&page=0&pageSize=100&pointId=170&priceListId=13&searchString=X6578043 "HTTP/1.1 200 OK"
2026-06-20 15:32:00,177 INFO httpx HTTP Request: GET https://api.sbis.ru/retail/v2/nomenclature/list?withBalance=true&page=0&pageSize=100&pointId=170&priceListId=13&searchString=X6437665 "HTTP/1.1 200 OK"
2026-06-20 15:32:00,238 INFO httpx HTTP Request: GET https://api.sbis.ru/retail/v2/nomenclature/list?withBalance=true&page=0&pageSize=100&pointId=170&priceListId=13&searchString=X7130629 "HTTP/1.1 200 OK"
2026-06-20 15:32:00,239 INFO httpx HTTP Request: GET https://api.sbis.ru/retail/v2/nomenclature/list?withBalance=true&page=0&pageSize=100&pointId=170&priceListId=13&searchString=X6729114 "HTTP/1.1 200 OK"
2026-06-20 15:32:00,239 INFO httpx HTTP Request: GET https://api.sbis.ru/retail/v2/nomenclature/list?withBalance=true&page=0&pageSize=100&pointId=170&priceListId=13&searchString=X6608068 "HTTP/1.1 200 OK"
2026-06-20 15:32:00,240 INFO httpx HTTP Request: GET https://api.sbis.ru/retail/v2/nomenclature/list?withBalance=true&page=0&pageSize=100&pointId=170&priceListId=13&searchString=X6464844 "HTTP/1.1 200 OK"
2026-06-20 15:32:00,292 INFO httpx HTTP Request: GET https://api.sbis.ru/retail/v2/nomenclature/list?withBalance=true&page=0&pageSize=100&pointId=170&priceListId=13&searchString=X7226503 "HTTP/1.1 200 OK"
2026-06-20 15:32:00,292 INFO httpx HTTP Request: GET https://api.sbis.ru/retail/v2/nomenclature/list?withBalance=true&page=0&pageSize=100&pointId=170&priceListId=13&searchString=X74133 "HTTP/1.1 200 OK"
2026-06-20 15:32:00,370 INFO httpx HTTP Request: GET https://api.sbis.ru/retail/v2/nomenclature/list?withBalance=true&page=0&pageSize=100&pointId=170&priceListId=13&searchString=X7478640 "HTTP/1.1 200 OK"
2026-06-20 15:32:00,911 INFO httpx HTTP Request: GET https://api.sbis.ru/retail/v2/nomenclature/list?withBalance=true&page=0&pageSize=100&pointId=170&priceListId=13&searchString=X7509948 "HTTP/1.1 200 OK"
2026-06-20 15:32:00,966 INFO httpx HTTP Request: GET https://api.sbis.ru/retail/v2/nomenclature/list?withBalance=true&page=0&pageSize=100&pointId=170&priceListId=13&searchString=X7551710 "HTTP/1.1 200 OK"
2026-06-20 15:32:00,985 INFO httpx HTTP Request: GET https://api.sbis.ru/retail/v2/nomenclature/list?withBalance=true&page=0&pageSize=100&pointId=170&priceListId=13&searchString=X7702945 "HTTP/1.1 200 OK"
2026-06-20 15:32:01,009 INFO httpx HTTP Request: GET https://api.sbis.ru/retail/v2/nomenclature/list?withBalance=true&page=0&pageSize=100&pointId=170&priceListId=13&searchString=X7596816 "HTTP/1.1 200 OK"
2026-06-20 15:32:01,023 INFO httpx HTTP Request: GET https://api.sbis.ru/retail/v2/nomenclature/list?withBalance=true&page=0&pageSize=100&pointId=170&priceListId=13&searchString=X7640022 "HTTP/1.1 200 OK"
2026-06-20 15:32:01,023 INFO httpx HTTP Request: GET https://api.sbis.ru/retail/v2/nomenclature/list?withBalance=true&page=0&pageSize=100&pointId=170&priceListId=13&searchString=X7840533 "HTTP/1.1 200 OK"
2026-06-20 15:32:01,024 INFO httpx HTTP Request: GET https://api.sbis.ru/retail/v2/nomenclature/list?withBalance=true&page=0&pageSize=100&pointId=170&priceListId=13&searchString=X7584433 "HTTP/1.1 200 OK"
2026-06-20 15:32:01,024 INFO httpx HTTP Request: GET https://api.sbis.ru/retail/v2/nomenclature/list?withBalance=true&page=0&pageSize=100&pointId=170&priceListId=13&searchString=X7659478 "HTTP/1.1 200 OK"
2026-06-20 15:32:01,071 INFO httpx HTTP Request: GET https://api.sbis.ru/retail/v2/nomenclature/list?withBalance=true&page=0&pageSize=100&pointId=170&priceListId=13&searchString=X7922240 "HTTP/1.1 200 OK"
2026-06-20 15:32:01,083 INFO httpx HTTP Request: GET https://api.sbis.ru/retail/v2/nomenclature/list?withBalance=true&page=0&pageSize=100&pointId=170&priceListId=13&searchString=X7971619 "HTTP/1.1 200 OK"
2026-06-20 15:32:01,671 INFO httpx HTTP Request: GET https://api.sbis.ru/retail/v2/nomenclature/list?withBalance=true&page=0&pageSize=100&pointId=170&priceListId=13&searchString=X7998115 "HTTP/1.1 200 OK"
2026-06-20 15:32:01,702 INFO httpx HTTP Request: GET https://api.sbis.ru/retail/v2/nomenclature/list?withBalance=true&page=0&pageSize=100&pointId=170&priceListId=13&searchString=X8035317 "HTTP/1.1 200 OK"
2026-06-20 15:32:01,703 INFO httpx HTTP Request: GET https://api.sbis.ru/retail/v2/nomenclature/list?withBalance=true&page=0&pageSize=100&pointId=170&priceListId=13&searchString=X8026576 "HTTP/1.1 200 OK"
2026-06-20 15:32:01,704 INFO httpx HTTP Request: GET https://api.sbis.ru/retail/v2/nomenclature/list?withBalance=true&page=0&pageSize=100&pointId=170&priceListId=13&searchString=X807153 "HTTP/1.1 200 OK"
2026-06-20 15:32:01,747 INFO httpx HTTP Request: GET https://api.sbis.ru/retail/v2/nomenclature/list?withBalance=true&page=0&pageSize=100&pointId=170&priceListId=13&searchString=X8081831 "HTTP/1.1 200 OK"
2026-06-20 15:32:01,748 INFO httpx HTTP Request: GET https://api.sbis.ru/retail/v2/nomenclature/list?withBalance=true&page=0&pageSize=100&pointId=170&priceListId=13&searchString=X8177837 "HTTP/1.1 200 OK"
2026-06-20 15:32:01,771 INFO httpx HTTP Request: GET https://api.sbis.ru/retail/v2/nomenclature/list?withBalance=true&page=0&pageSize=100&pointId=170&priceListId=13&searchString=X8249791 "HTTP/1.1 200 OK"
2026-06-20 15:32:01,793 INFO httpx HTTP Request: GET https://api.sbis.ru/retail/v2/nomenclature/list?withBalance=true&page=0&pageSize=100&pointId=170&priceListId=13&searchString=X8313761 "HTTP/1.1 200 OK"
2026-06-20 15:32:01,793 INFO httpx HTTP Request: GET https://api.sbis.ru/retail/v2/nomenclature/list?withBalance=true&page=0&pageSize=100&pointId=170&priceListId=13&searchString=X8124430 "HTTP/1.1 200 OK"
2026-06-20 15:32:01,815 INFO httpx HTTP Request: GET https://api.sbis.ru/retail/v2/nomenclature/list?withBalance=true&page=0&pageSize=100&pointId=170&priceListId=13&searchString=X8248484 "HTTP/1.1 200 OK"
2026-06-20 15:32:02,439 INFO httpx HTTP Request: GET https://api.sbis.ru/retail/v2/nomenclature/list?withBalance=true&page=0&pageSize=100&pointId=170&priceListId=13&searchString=X8358934 "HTTP/1.1 200 OK"
2026-06-20 15:32:02,440 INFO httpx HTTP Request: GET https://api.sbis.ru/retail/v2/nomenclature/list?withBalance=true&page=0&pageSize=100&pointId=170&priceListId=13&searchString=X8721250 "HTTP/1.1 200 OK"
2026-06-20 15:32:02,478 INFO httpx HTTP Request: GET https://api.sbis.ru/retail/v2/nomenclature/list?withBalance=true&page=0&pageSize=100&pointId=170&priceListId=13&searchString=X8744110 "HTTP/1.1 200 OK"
2026-06-20 15:32:02,479 INFO httpx HTTP Request: GET https://api.sbis.ru/retail/v2/nomenclature/list?withBalance=true&page=0&pageSize=100&pointId=170&priceListId=13&searchString=X8656949 "HTTP/1.1 200 OK"
2026-06-20 15:32:02,504 INFO httpx HTTP Request: GET https://api.sbis.ru/retail/v2/nomenclature/list?withBalance=true&page=0&pageSize=100&pointId=170&priceListId=13&searchString=X8399051 "HTTP/1.1 200 OK"
2026-06-20 15:32:02,504 INFO httpx HTTP Request: GET https://api.sbis.ru/retail/v2/nomenclature/list?withBalance=true&page=0&pageSize=100&pointId=170&priceListId=13&searchString=X8700663 "HTTP/1.1 200 OK"
2026-06-20 15:32:02,505 INFO httpx HTTP Request: GET https://api.sbis.ru/retail/v2/nomenclature/list?withBalance=true&page=0&pageSize=100&pointId=170&priceListId=13&searchString=X8765407 "HTTP/1.1 200 OK"
2026-06-20 15:32:02,537 INFO httpx HTTP Request: GET https://api.sbis.ru/retail/v2/nomenclature/list?withBalance=true&page=0&pageSize=100&pointId=170&priceListId=13&searchString=X8810846 "HTTP/1.1 200 OK"
2026-06-20 15:32:02,538 INFO httpx HTTP Request: GET https://api.sbis.ru/retail/v2/nomenclature/list?withBalance=true&page=0&pageSize=100&pointId=170&priceListId=13&searchString=X8783690 "HTTP/1.1 200 OK"
2026-06-20 15:32:02,540 INFO httpx HTTP Request: GET https://api.sbis.ru/retail/v2/nomenclature/list?withBalance=true&page=0&pageSize=100&pointId=170&priceListId=13&searchString=X8849526 "HTTP/1.1 200 OK"
2026-06-20 15:32:03,194 INFO httpx HTTP Request: GET https://api.sbis.ru/retail/v2/nomenclature/list?withBalance=true&page=0&pageSize=100&pointId=170&priceListId=13&searchString=X9285091 "HTTP/1.1 200 OK"
2026-06-20 15:32:03,196 INFO httpx HTTP Request: GET https://api.sbis.ru/retail/v2/nomenclature/list?withBalance=true&page=0&pageSize=100&pointId=170&priceListId=13&searchString=X9627238 "HTTP/1.1 200 OK"
2026-06-20 15:32:03,197 INFO httpx HTTP Request: GET https://api.sbis.ru/retail/v2/nomenclature/list?withBalance=true&page=0&pageSize=100&pointId=170&priceListId=13&searchString=X9260806 "HTTP/1.1 200 OK"
2026-06-20 15:32:03,218 INFO httpx HTTP Request: GET https://api.sbis.ru/retail/v2/nomenclature/list?withBalance=true&page=0&pageSize=100&pointId=170&priceListId=13&searchString=X9502404 "HTTP/1.1 200 OK"
2026-06-20 15:32:03,223 INFO httpx HTTP Request: GET https://api.sbis.ru/retail/v2/nomenclature/list?withBalance=true&page=0&pageSize=100&pointId=170&priceListId=13&searchString=X9766737 "HTTP/1.1 200 OK"
2026-06-20 15:32:03,234 INFO httpx HTTP Request: GET https://api.sbis.ru/retail/v2/nomenclature/list?withBalance=true&page=0&pageSize=100&pointId=170&priceListId=13&searchString=X9847596 "HTTP/1.1 200 OK"
2026-06-20 15:32:03,235 INFO httpx HTTP Request: GET https://api.sbis.ru/retail/v2/nomenclature/list?withBalance=true&page=0&pageSize=100&pointId=170&priceListId=13&searchString=X9541106 "HTTP/1.1 200 OK"
2026-06-20 15:32:03,322 INFO src.backend.app.services.orchestrator sync_run completed
2026-06-20 15:32:05,800 INFO httpx HTTP Request: GET https://api.sbis.ru/retail/order/list?fromDateTime=2026-04-01+00%3A00%3A00&page=0&pageSize=200&toDateTime=2026-05-01+00%3A00%3A00&pointId=170 "HTTP/1.1 200 OK"
2026-06-20 15:32:08,519 INFO httpx HTTP Request: GET https://api.sbis.ru/retail/order/list?fromDateTime=2026-05-01+00%3A00%3A00&page=0&pageSize=200&toDateTime=2026-06-01+00%3A00%3A00&pointId=170 "HTTP/1.1 200 OK"
2026-06-20 15:32:11,215 INFO httpx HTTP Request: GET https://api.sbis.ru/retail/order/list?fromDateTime=2026-06-01+00%3A00%3A00&page=0&pageSize=200&toDateTime=2026-07-01+00%3A00%3A00&pointId=170 "HTTP/1.1 200 OK"
2026-06-20 15:32:11,436 INFO src.backend.app.services.orchestrator sync_run completed
2026-06-20 15:32:12,252 INFO httpx HTTP Request: GET https://api.sbis.ru/retail/v2/nomenclature/list?withBalance=true&page=0&pageSize=500&pointId=204&priceListId=53 "HTTP/1.1 200 OK"
2026-06-20 15:32:12,255 WARNING src.backend.app.ingestion.stock Skipping stock row with invalid payload for store 204: None
2026-06-20 15:32:12,986 INFO httpx HTTP Request: GET https://api.sbis.ru/retail/v2/nomenclature/list?withBalance=true&page=0&pageSize=100&pointId=204&priceListId=53&searchString=X2617256 "HTTP/1.1 200 OK"
2026-06-20 15:32:12,991 INFO httpx HTTP Request: GET https://api.sbis.ru/retail/v2/nomenclature/list?withBalance=true&page=0&pageSize=100&pointId=204&priceListId=53&searchString=X3096342 "HTTP/1.1 200 OK"
2026-06-20 15:32:13,008 INFO src.backend.app.services.orchestrator sync_run completed
2026-06-20 15:32:14,699 INFO httpx HTTP Request: GET https://api.sbis.ru/retail/order/list?fromDateTime=2026-04-01+00%3A00%3A00&page=0&pageSize=200&toDateTime=2026-05-01+00%3A00%3A00&pointId=204 "HTTP/1.1 200 OK"
2026-06-20 15:32:16,813 INFO httpx HTTP Request: GET https://api.sbis.ru/retail/order/list?fromDateTime=2026-05-01+00%3A00%3A00&page=0&pageSize=200&toDateTime=2026-06-01+00%3A00%3A00&pointId=204 "HTTP/1.1 200 OK"
2026-06-20 15:32:19,271 INFO httpx HTTP Request: GET https://api.sbis.ru/retail/order/list?fromDateTime=2026-06-01+00%3A00%3A00&page=0&pageSize=200&toDateTime=2026-07-01+00%3A00%3A00&pointId=204 "HTTP/1.1 200 OK"
2026-06-20 15:32:19,426 INFO src.backend.app.services.orchestrator sync_run completed
2026-06-20 15:32:20,194 INFO httpx HTTP Request: GET https://api.sbis.ru/retail/v2/nomenclature/list?withBalance=true&page=0&pageSize=500&pointId=241&priceListId=36 "HTTP/1.1 200 OK"
2026-06-20 15:32:20,197 WARNING src.backend.app.ingestion.stock Skipping stock row with invalid payload for store 241: None
2026-06-20 15:32:20,916 INFO httpx HTTP Request: GET https://api.sbis.ru/retail/v2/nomenclature/list?withBalance=true&page=0&pageSize=100&pointId=241&priceListId=36&searchString=X2617256 "HTTP/1.1 200 OK"
2026-06-20 15:32:20,958 INFO httpx HTTP Request: GET https://api.sbis.ru/retail/v2/nomenclature/list?withBalance=true&page=0&pageSize=100&pointId=241&priceListId=36&searchString=X390464 "HTTP/1.1 200 OK"
2026-06-20 15:32:21,003 INFO httpx HTTP Request: GET https://api.sbis.ru/retail/v2/nomenclature/list?withBalance=true&page=0&pageSize=100&pointId=241&priceListId=36&searchString=X3096342 "HTTP/1.1 200 OK"
2026-06-20 15:32:21,017 INFO src.backend.app.services.orchestrator sync_run completed
2026-06-20 15:32:24,494 INFO httpx HTTP Request: GET https://api.sbis.ru/retail/order/list?fromDateTime=2026-04-01+00%3A00%3A00&page=0&pageSize=200&toDateTime=2026-05-01+00%3A00%3A00&pointId=241 "HTTP/1.1 200 OK"
2026-06-20 15:32:28,434 INFO httpx HTTP Request: GET https://api.sbis.ru/retail/order/list?fromDateTime=2026-05-01+00%3A00%3A00&page=0&pageSize=200&toDateTime=2026-06-01+00%3A00%3A00&pointId=241 "HTTP/1.1 200 OK"
2026-06-20 15:32:31,353 INFO httpx HTTP Request: GET https://api.sbis.ru/retail/order/list?fromDateTime=2026-06-01+00%3A00%3A00&page=0&pageSize=200&toDateTime=2026-07-01+00%3A00%3A00&pointId=241 "HTTP/1.1 200 OK"
2026-06-20 15:32:31,798 INFO src.backend.app.services.orchestrator sync_run completed
2026-06-20 15:32:33,068 INFO httpx HTTP Request: GET https://api.sbis.ru/retail/v2/nomenclature/list?withBalance=true&page=0&pageSize=500&pointId=2116&priceListId=28 "HTTP/1.1 200 OK"
2026-06-20 15:32:33,070 WARNING src.backend.app.ingestion.stock Skipping stock row with invalid payload for store 2116: None
2026-06-20 15:32:33,071 WARNING src.backend.app.ingestion.stock Skipping stock row with invalid payload for store 2116: None
2026-06-20 15:32:33,071 WARNING src.backend.app.ingestion.stock Skipping stock row with invalid payload for store 2116: None
2026-06-20 15:32:33,071 WARNING src.backend.app.ingestion.stock Skipping stock row with invalid payload for store 2116: None
2026-06-20 15:32:33,071 WARNING src.backend.app.ingestion.stock Skipping stock row with invalid payload for store 2116: None
2026-06-20 15:32:33,072 WARNING src.backend.app.ingestion.stock Skipping stock row with invalid payload for store 2116: None
2026-06-20 15:32:33,072 WARNING src.backend.app.ingestion.stock Skipping stock row with invalid payload for store 2116: None
2026-06-20 15:32:33,072 WARNING src.backend.app.ingestion.stock Skipping stock row with invalid payload for store 2116: None
2026-06-20 15:32:33,072 WARNING src.backend.app.ingestion.stock Skipping stock row with invalid payload for store 2116: None
2026-06-20 15:32:33,072 WARNING src.backend.app.ingestion.stock Skipping stock row with invalid payload for store 2116: None
2026-06-20 15:32:33,072 WARNING src.backend.app.ingestion.stock Skipping stock row with invalid payload for store 2116: None
2026-06-20 15:32:33,072 WARNING src.backend.app.ingestion.stock Skipping stock row with invalid payload for store 2116: None
2026-06-20 15:32:33,073 WARNING src.backend.app.ingestion.stock Skipping stock row with invalid payload for store 2116: None
2026-06-20 15:32:33,876 INFO httpx HTTP Request: GET https://api.sbis.ru/retail/v2/nomenclature/list?withBalance=true&page=0&pageSize=100&pointId=2116&priceListId=28&searchString=X1833976 "HTTP/1.1 200 OK"
2026-06-20 15:32:33,878 INFO httpx HTTP Request: GET https://api.sbis.ru/retail/v2/nomenclature/list?withBalance=true&page=0&pageSize=100&pointId=2116&priceListId=28&searchString=X1879331 "HTTP/1.1 200 OK"
2026-06-20 15:32:33,890 INFO httpx HTTP Request: GET https://api.sbis.ru/retail/v2/nomenclature/list?withBalance=true&page=0&pageSize=100&pointId=2116&priceListId=28&searchString=X1863486 "HTTP/1.1 200 OK"
2026-06-20 15:32:33,893 INFO httpx HTTP Request: GET https://api.sbis.ru/retail/v2/nomenclature/list?withBalance=true&page=0&pageSize=100&pointId=2116&priceListId=28&searchString=X1544116 "HTTP/1.1 200 OK"
2026-06-20 15:32:33,912 INFO httpx HTTP Request: GET https://api.sbis.ru/retail/v2/nomenclature/list?withBalance=true&page=0&pageSize=100&pointId=2116&priceListId=28&searchString=X7685096 "HTTP/1.1 200 OK"
2026-06-20 15:32:33,931 INFO src.backend.app.services.orchestrator sync_run completed
2026-06-20 15:32:36,481 INFO httpx HTTP Request: GET https://api.sbis.ru/retail/order/list?fromDateTime=2026-04-01+00%3A00%3A00&page=0&pageSize=200&toDateTime=2026-05-01+00%3A00%3A00&pointId=2116 "HTTP/1.1 200 OK"
2026-06-20 15:32:39,341 INFO httpx HTTP Request: GET https://api.sbis.ru/retail/order/list?fromDateTime=2026-05-01+00%3A00%3A00&page=0&pageSize=200&toDateTime=2026-06-01+00%3A00%3A00&pointId=2116 "HTTP/1.1 200 OK"
2026-06-20 15:32:42,525 INFO httpx HTTP Request: GET https://api.sbis.ru/retail/order/list?fromDateTime=2026-06-01+00%3A00%3A00&page=0&pageSize=200&toDateTime=2026-07-01+00%3A00%3A00&pointId=2116 "HTTP/1.1 200 OK"
2026-06-20 15:32:42,718 INFO src.backend.app.services.orchestrator sync_run completed
2026-06-20 15:32:43,489 INFO httpx HTTP Request: GET https://api.sbis.ru/retail/v2/nomenclature/list?withBalance=true&page=0&pageSize=500&pointId=3900&priceListId=53 "HTTP/1.1 200 OK"
2026-06-20 15:32:43,492 WARNING src.backend.app.ingestion.stock Skipping stock row with invalid payload for store 3900: None
2026-06-20 15:32:44,239 INFO httpx HTTP Request: GET https://api.sbis.ru/retail/v2/nomenclature/list?withBalance=true&page=0&pageSize=100&pointId=3900&priceListId=53&searchString=X2617256 "HTTP/1.1 200 OK"
2026-06-20 15:32:44,264 INFO httpx HTTP Request: GET https://api.sbis.ru/retail/v2/nomenclature/list?withBalance=true&page=0&pageSize=100&pointId=3900&priceListId=53&searchString=X3096342 "HTTP/1.1 200 OK"
2026-06-20 15:32:44,278 INFO src.backend.app.services.orchestrator sync_run completed
2026-06-20 15:32:46,616 INFO httpx HTTP Request: GET https://api.sbis.ru/retail/order/list?fromDateTime=2026-04-01+00%3A00%3A00&page=0&pageSize=200&toDateTime=2026-05-01+00%3A00%3A00&pointId=3900 "HTTP/1.1 200 OK"
2026-06-20 15:32:48,564 INFO httpx HTTP Request: GET https://api.sbis.ru/retail/order/list?fromDateTime=2026-05-01+00%3A00%3A00&page=0&pageSize=200&toDateTime=2026-06-01+00%3A00%3A00&pointId=3900 "HTTP/1.1 200 OK"
2026-06-20 15:32:51,233 INFO httpx HTTP Request: GET https://api.sbis.ru/retail/order/list?fromDateTime=2026-06-01+00%3A00%3A00&page=0&pageSize=200&toDateTime=2026-07-01+00%3A00%3A00&pointId=3900 "HTTP/1.1 200 OK"
2026-06-20 15:32:51,457 INFO src.backend.app.services.orchestrator sync_run completed
2026-06-20 15:32:53,473 INFO httpx HTTP Request: GET https://api.sbis.ru/retail/v2/nomenclature/list?withBalance=true&page=0&pageSize=500&pointId=20268&priceListId=59 "HTTP/1.1 200 OK"
2026-06-20 15:32:53,735 WARNING src.backend.app.ingestion.stock Skipping stock row with invalid payload for store 20268: None
2026-06-20 15:32:53,736 WARNING src.backend.app.ingestion.stock Skipping stock row with invalid payload for store 20268: None
2026-06-20 15:32:53,736 WARNING src.backend.app.ingestion.stock Skipping stock row with invalid payload for store 20268: None
2026-06-20 15:32:53,739 WARNING src.backend.app.ingestion.stock Skipping stock row with invalid payload for store 20268: None
2026-06-20 15:32:53,739 WARNING src.backend.app.ingestion.stock Skipping stock row with invalid payload for store 20268: None
2026-06-20 15:32:53,740 WARNING src.backend.app.ingestion.stock Skipping stock row with invalid payload for store 20268: None
2026-06-20 15:32:53,740 WARNING src.backend.app.ingestion.stock Skipping stock row with invalid payload for store 20268: None
2026-06-20 15:32:55,761 INFO httpx HTTP Request: GET https://api.sbis.ru/retail/v2/nomenclature/list?withBalance=true&page=1&pageSize=500&pointId=20268&priceListId=59 "HTTP/1.1 200 OK"
2026-06-20 15:32:55,911 WARNING src.backend.app.ingestion.stock Skipping stock row with invalid payload for store 20268: None
2026-06-20 15:32:55,913 WARNING src.backend.app.ingestion.stock Skipping stock row with invalid payload for store 20268: None
2026-06-20 15:32:55,913 WARNING src.backend.app.ingestion.stock Skipping stock row with invalid payload for store 20268: None
2026-06-20 15:32:55,914 WARNING src.backend.app.ingestion.stock Skipping stock row with invalid payload for store 20268: None
2026-06-20 15:32:55,914 WARNING src.backend.app.ingestion.stock Skipping stock row with invalid payload for store 20268: None
2026-06-20 15:32:56,698 INFO httpx HTTP Request: GET https://api.sbis.ru/retail/v2/nomenclature/list?withBalance=true&page=0&pageSize=100&pointId=20268&priceListId=59&searchString=X1016836 "HTTP/1.1 200 OK"
2026-06-20 15:32:56,732 INFO httpx HTTP Request: GET https://api.sbis.ru/retail/v2/nomenclature/list?withBalance=true&page=0&pageSize=100&pointId=20268&priceListId=59&searchString=X2087717 "HTTP/1.1 200 OK"
2026-06-20 15:32:56,736 INFO httpx HTTP Request: GET https://api.sbis.ru/retail/v2/nomenclature/list?withBalance=true&page=0&pageSize=100&pointId=20268&priceListId=59&searchString=X1889458 "HTTP/1.1 200 OK"
2026-06-20 15:32:56,804 INFO httpx HTTP Request: GET https://api.sbis.ru/retail/v2/nomenclature/list?withBalance=true&page=0&pageSize=100&pointId=20268&priceListId=59&searchString=X148307 "HTTP/1.1 200 OK"
2026-06-20 15:32:56,805 INFO httpx HTTP Request: GET https://api.sbis.ru/retail/v2/nomenclature/list?withBalance=true&page=0&pageSize=100&pointId=20268&priceListId=59&searchString=X2013503 "HTTP/1.1 200 OK"
2026-06-20 15:32:56,806 INFO httpx HTTP Request: GET https://api.sbis.ru/retail/v2/nomenclature/list?withBalance=true&page=0&pageSize=100&pointId=20268&priceListId=59&searchString=X1376210 "HTTP/1.1 200 OK"
2026-06-20 15:32:56,807 INFO httpx HTTP Request: GET https://api.sbis.ru/retail/v2/nomenclature/list?withBalance=true&page=0&pageSize=100&pointId=20268&priceListId=59&searchString=X1930568 "HTTP/1.1 200 OK"
2026-06-20 15:32:56,903 INFO httpx HTTP Request: GET https://api.sbis.ru/retail/v2/nomenclature/list?withBalance=true&page=0&pageSize=100&pointId=20268&priceListId=59&searchString=X2045044 "HTTP/1.1 200 OK"
2026-06-20 15:32:57,260 INFO httpx HTTP Request: GET https://api.sbis.ru/retail/v2/nomenclature/list?withBalance=true&page=0&pageSize=100&pointId=20268&priceListId=59&searchString=X1196834 "HTTP/1.1 200 OK"
2026-06-20 15:32:57,283 INFO httpx HTTP Request: GET https://api.sbis.ru/retail/v2/nomenclature/list?withBalance=true&page=0&pageSize=100&pointId=20268&priceListId=59&searchString=X1434152 "HTTP/1.1 200 OK"
2026-06-20 15:32:57,486 INFO httpx HTTP Request: GET https://api.sbis.ru/retail/v2/nomenclature/list?withBalance=true&page=0&pageSize=100&pointId=20268&priceListId=59&searchString=X2844023 "HTTP/1.1 200 OK"
2026-06-20 15:32:57,519 INFO httpx HTTP Request: GET https://api.sbis.ru/retail/v2/nomenclature/list?withBalance=true&page=0&pageSize=100&pointId=20268&priceListId=59&searchString=X2625104 "HTTP/1.1 200 OK"
2026-06-20 15:32:57,519 INFO httpx HTTP Request: GET https://api.sbis.ru/retail/v2/nomenclature/list?withBalance=true&page=0&pageSize=100&pointId=20268&priceListId=59&searchString=X256742 "HTTP/1.1 200 OK"
2026-06-20 15:32:57,520 INFO httpx HTTP Request: GET https://api.sbis.ru/retail/v2/nomenclature/list?withBalance=true&page=0&pageSize=100&pointId=20268&priceListId=59&searchString=X3166124 "HTTP/1.1 200 OK"
2026-06-20 15:32:57,576 INFO httpx HTTP Request: GET https://api.sbis.ru/retail/v2/nomenclature/list?withBalance=true&page=0&pageSize=100&pointId=20268&priceListId=59&searchString=X30847 "HTTP/1.1 200 OK"
2026-06-20 15:32:57,588 INFO httpx HTTP Request: GET https://api.sbis.ru/retail/v2/nomenclature/list?withBalance=true&page=0&pageSize=100&pointId=20268&priceListId=59&searchString=X2907387 "HTTP/1.1 200 OK"
2026-06-20 15:32:57,592 INFO httpx HTTP Request: GET https://api.sbis.ru/retail/v2/nomenclature/list?withBalance=true&page=0&pageSize=100&pointId=20268&priceListId=59&searchString=X2957126 "HTTP/1.1 200 OK"
2026-06-20 15:32:57,775 INFO httpx HTTP Request: GET https://api.sbis.ru/retail/v2/nomenclature/list?withBalance=true&page=0&pageSize=100&pointId=20268&priceListId=59&searchString=X317557 "HTTP/1.1 200 OK"
2026-06-20 15:32:57,998 INFO httpx HTTP Request: GET https://api.sbis.ru/retail/v2/nomenclature/list?withBalance=true&page=0&pageSize=100&pointId=20268&priceListId=59&searchString=X3454000 "HTTP/1.1 200 OK"
2026-06-20 15:32:58,018 INFO httpx HTTP Request: GET https://api.sbis.ru/retail/v2/nomenclature/list?withBalance=true&page=0&pageSize=100&pointId=20268&priceListId=59&searchString=X3342775 "HTTP/1.1 200 OK"
2026-06-20 15:32:58,157 INFO httpx HTTP Request: GET https://api.sbis.ru/retail/v2/nomenclature/list?withBalance=true&page=0&pageSize=100&pointId=20268&priceListId=59&searchString=X3488707 "HTTP/1.1 200 OK"
2026-06-20 15:32:58,206 INFO httpx HTTP Request: GET https://api.sbis.ru/retail/v2/nomenclature/list?withBalance=true&page=0&pageSize=100&pointId=20268&priceListId=59&searchString=X384693 "HTTP/1.1 200 OK"
2026-06-20 15:32:58,242 INFO httpx HTTP Request: GET https://api.sbis.ru/retail/v2/nomenclature/list?withBalance=true&page=0&pageSize=100&pointId=20268&priceListId=59&searchString=X4250003 "HTTP/1.1 200 OK"
2026-06-20 15:32:58,262 INFO httpx HTTP Request: GET https://api.sbis.ru/retail/v2/nomenclature/list?withBalance=true&page=0&pageSize=100&pointId=20268&priceListId=59&searchString=X4152753 "HTTP/1.1 200 OK"
2026-06-20 15:32:58,280 INFO httpx HTTP Request: GET https://api.sbis.ru/retail/v2/nomenclature/list?withBalance=true&page=0&pageSize=100&pointId=20268&priceListId=59&searchString=X3982883 "HTTP/1.1 200 OK"
2026-06-20 15:32:58,388 INFO httpx HTTP Request: GET https://api.sbis.ru/retail/v2/nomenclature/list?withBalance=true&page=0&pageSize=100&pointId=20268&priceListId=59&searchString=X429454 "HTTP/1.1 200 OK"
2026-06-20 15:32:58,428 INFO httpx HTTP Request: GET https://api.sbis.ru/retail/v2/nomenclature/list?withBalance=true&page=0&pageSize=100&pointId=20268&priceListId=59&searchString=X4375504 "HTTP/1.1 200 OK"
2026-06-20 15:32:58,506 INFO httpx HTTP Request: GET https://api.sbis.ru/retail/v2/nomenclature/list?withBalance=true&page=0&pageSize=100&pointId=20268&priceListId=59&searchString=X448088 "HTTP/1.1 200 OK"
2026-06-20 15:32:58,725 INFO httpx HTTP Request: GET https://api.sbis.ru/retail/v2/nomenclature/list?withBalance=true&page=0&pageSize=100&pointId=20268&priceListId=59&searchString=X4864317 "HTTP/1.1 200 OK"
2026-06-20 15:32:58,725 INFO httpx HTTP Request: GET https://api.sbis.ru/retail/v2/nomenclature/list?withBalance=true&page=0&pageSize=100&pointId=20268&priceListId=59&searchString=X5055339 "HTTP/1.1 200 OK"
2026-06-20 15:32:58,859 INFO httpx HTTP Request: GET https://api.sbis.ru/retail/v2/nomenclature/list?withBalance=true&page=0&pageSize=100&pointId=20268&priceListId=59&searchString=X5239777 "HTTP/1.1 200 OK"
2026-06-20 15:32:58,990 INFO httpx HTTP Request: GET https://api.sbis.ru/retail/v2/nomenclature/list?withBalance=true&page=0&pageSize=100&pointId=20268&priceListId=59&searchString=X5364562 "HTTP/1.1 200 OK"
2026-06-20 15:32:58,991 INFO httpx HTTP Request: GET https://api.sbis.ru/retail/v2/nomenclature/list?withBalance=true&page=0&pageSize=100&pointId=20268&priceListId=59&searchString=X5334605 "HTTP/1.1 200 OK"
2026-06-20 15:32:59,032 INFO httpx HTTP Request: GET https://api.sbis.ru/retail/v2/nomenclature/list?withBalance=true&page=0&pageSize=100&pointId=20268&priceListId=59&searchString=X5241077 "HTTP/1.1 200 OK"
2026-06-20 15:32:59,146 INFO httpx HTTP Request: GET https://api.sbis.ru/retail/v2/nomenclature/list?withBalance=true&page=0&pageSize=100&pointId=20268&priceListId=59&searchString=X572024 "HTTP/1.1 200 OK"
2026-06-20 15:32:59,166 INFO httpx HTTP Request: GET https://api.sbis.ru/retail/v2/nomenclature/list?withBalance=true&page=0&pageSize=100&pointId=20268&priceListId=59&searchString=X554545 "HTTP/1.1 200 OK"
2026-06-20 15:32:59,173 INFO httpx HTTP Request: GET https://api.sbis.ru/retail/v2/nomenclature/list?withBalance=true&page=0&pageSize=100&pointId=20268&priceListId=59&searchString=X5877346 "HTTP/1.1 200 OK"
2026-06-20 15:32:59,448 INFO httpx HTTP Request: GET https://api.sbis.ru/retail/v2/nomenclature/list?withBalance=true&page=0&pageSize=100&pointId=20268&priceListId=59&searchString=X6181860 "HTTP/1.1 200 OK"
2026-06-20 15:32:59,479 INFO httpx HTTP Request: GET https://api.sbis.ru/retail/v2/nomenclature/list?withBalance=true&page=0&pageSize=100&pointId=20268&priceListId=59&searchString=X5998076 "HTTP/1.1 200 OK"
2026-06-20 15:32:59,484 INFO httpx HTTP Request: GET https://api.sbis.ru/retail/v2/nomenclature/list?withBalance=true&page=0&pageSize=100&pointId=20268&priceListId=59&searchString=X5997691 "HTTP/1.1 200 OK"
2026-06-20 15:32:59,590 INFO httpx HTTP Request: GET https://api.sbis.ru/retail/v2/nomenclature/list?withBalance=true&page=0&pageSize=100&pointId=20268&priceListId=59&searchString=X6228021 "HTTP/1.1 200 OK"
2026-06-20 15:32:59,767 INFO httpx HTTP Request: GET https://api.sbis.ru/retail/v2/nomenclature/list?withBalance=true&page=0&pageSize=100&pointId=20268&priceListId=59&searchString=X6386869 "HTTP/1.1 200 OK"
2026-06-20 15:32:59,797 INFO httpx HTTP Request: GET https://api.sbis.ru/retail/v2/nomenclature/list?withBalance=true&page=0&pageSize=100&pointId=20268&priceListId=59&searchString=X6333835 "HTTP/1.1 200 OK"
2026-06-20 15:32:59,798 INFO httpx HTTP Request: GET https://api.sbis.ru/retail/v2/nomenclature/list?withBalance=true&page=0&pageSize=100&pointId=20268&priceListId=59&searchString=X6353582 "HTTP/1.1 200 OK"
2026-06-20 15:32:59,842 INFO httpx HTTP Request: GET https://api.sbis.ru/retail/v2/nomenclature/list?withBalance=true&page=0&pageSize=100&pointId=20268&priceListId=59&searchString=X6401232 "HTTP/1.1 200 OK"
2026-06-20 15:32:59,886 INFO httpx HTTP Request: GET https://api.sbis.ru/retail/v2/nomenclature/list?withBalance=true&page=0&pageSize=100&pointId=20268&priceListId=59&searchString=X6437665 "HTTP/1.1 200 OK"
2026-06-20 15:32:59,990 INFO httpx HTTP Request: GET https://api.sbis.ru/retail/v2/nomenclature/list?withBalance=true&page=0&pageSize=100&pointId=20268&priceListId=59&searchString=X6464844 "HTTP/1.1 200 OK"
2026-06-20 15:33:00,170 INFO httpx HTTP Request: GET https://api.sbis.ru/retail/v2/nomenclature/list?withBalance=true&page=0&pageSize=100&pointId=20268&priceListId=59&searchString=X6503678 "HTTP/1.1 200 OK"
2026-06-20 15:33:00,201 INFO httpx HTTP Request: GET https://api.sbis.ru/retail/v2/nomenclature/list?withBalance=true&page=0&pageSize=100&pointId=20268&priceListId=59&searchString=X6608068 "HTTP/1.1 200 OK"
2026-06-20 15:33:00,202 INFO httpx HTTP Request: GET https://api.sbis.ru/retail/v2/nomenclature/list?withBalance=true&page=0&pageSize=100&pointId=20268&priceListId=59&searchString=X6578043 "HTTP/1.1 200 OK"
2026-06-20 15:33:00,280 INFO httpx HTTP Request: GET https://api.sbis.ru/retail/v2/nomenclature/list?withBalance=true&page=0&pageSize=100&pointId=20268&priceListId=59&searchString=X6729114 "HTTP/1.1 200 OK"
2026-06-20 15:33:00,531 INFO httpx HTTP Request: GET https://api.sbis.ru/retail/v2/nomenclature/list?withBalance=true&page=0&pageSize=100&pointId=20268&priceListId=59&searchString=X74133 "HTTP/1.1 200 OK"
2026-06-20 15:33:00,567 INFO httpx HTTP Request: GET https://api.sbis.ru/retail/v2/nomenclature/list?withBalance=true&page=0&pageSize=100&pointId=20268&priceListId=59&searchString=X7226503 "HTTP/1.1 200 OK"
2026-06-20 15:33:00,568 INFO httpx HTTP Request: GET https://api.sbis.ru/retail/v2/nomenclature/list?withBalance=true&page=0&pageSize=100&pointId=20268&priceListId=59&searchString=X7130629 "HTTP/1.1 200 OK"
2026-06-20 15:33:00,568 INFO httpx HTTP Request: GET https://api.sbis.ru/retail/v2/nomenclature/list?withBalance=true&page=0&pageSize=100&pointId=20268&priceListId=59&searchString=X7130268 "HTTP/1.1 200 OK"
2026-06-20 15:33:00,613 INFO httpx HTTP Request: GET https://api.sbis.ru/retail/v2/nomenclature/list?withBalance=true&page=0&pageSize=100&pointId=20268&priceListId=59&searchString=X7509948 "HTTP/1.1 200 OK"
2026-06-20 15:33:00,713 INFO httpx HTTP Request: GET https://api.sbis.ru/retail/v2/nomenclature/list?withBalance=true&page=0&pageSize=100&pointId=20268&priceListId=59&searchString=X7551710 "HTTP/1.1 200 OK"
2026-06-20 15:33:00,907 INFO httpx HTTP Request: GET https://api.sbis.ru/retail/v2/nomenclature/list?withBalance=true&page=0&pageSize=100&pointId=20268&priceListId=59&searchString=X7596816 "HTTP/1.1 200 OK"
2026-06-20 15:33:00,938 INFO httpx HTTP Request: GET https://api.sbis.ru/retail/v2/nomenclature/list?withBalance=true&page=0&pageSize=100&pointId=20268&priceListId=59&searchString=X7640022 "HTTP/1.1 200 OK"
2026-06-20 15:33:00,957 INFO httpx HTTP Request: GET https://api.sbis.ru/retail/v2/nomenclature/list?withBalance=true&page=0&pageSize=100&pointId=20268&priceListId=59&searchString=X7584433 "HTTP/1.1 200 OK"
2026-06-20 15:33:01,040 INFO httpx HTTP Request: GET https://api.sbis.ru/retail/v2/nomenclature/list?withBalance=true&page=0&pageSize=100&pointId=20268&priceListId=59&searchString=X7659478 "HTTP/1.1 200 OK"
2026-06-20 15:33:01,288 INFO httpx HTTP Request: GET https://api.sbis.ru/retail/v2/nomenclature/list?withBalance=true&page=0&pageSize=100&pointId=20268&priceListId=59&searchString=X7971619 "HTTP/1.1 200 OK"
2026-06-20 15:33:01,315 INFO httpx HTTP Request: GET https://api.sbis.ru/retail/v2/nomenclature/list?withBalance=true&page=0&pageSize=100&pointId=20268&priceListId=59&searchString=X7702945 "HTTP/1.1 200 OK"
2026-06-20 15:33:01,316 INFO httpx HTTP Request: GET https://api.sbis.ru/retail/v2/nomenclature/list?withBalance=true&page=0&pageSize=100&pointId=20268&priceListId=59&searchString=X7998115 "HTTP/1.1 200 OK"
2026-06-20 15:33:01,317 INFO httpx HTTP Request: GET https://api.sbis.ru/retail/v2/nomenclature/list?withBalance=true&page=0&pageSize=100&pointId=20268&priceListId=59&searchString=X7840533 "HTTP/1.1 200 OK"
2026-06-20 15:33:01,378 INFO httpx HTTP Request: GET https://api.sbis.ru/retail/v2/nomenclature/list?withBalance=true&page=0&pageSize=100&pointId=20268&priceListId=59&searchString=X7922240 "HTTP/1.1 200 OK"
2026-06-20 15:33:01,425 INFO httpx HTTP Request: GET https://api.sbis.ru/retail/v2/nomenclature/list?withBalance=true&page=0&pageSize=100&pointId=20268&priceListId=59&searchString=X8026576 "HTTP/1.1 200 OK"
2026-06-20 15:33:01,635 INFO httpx HTTP Request: GET https://api.sbis.ru/retail/v2/nomenclature/list?withBalance=true&page=0&pageSize=100&pointId=20268&priceListId=59&searchString=X8081831 "HTTP/1.1 200 OK"
2026-06-20 15:33:01,666 INFO httpx HTTP Request: GET https://api.sbis.ru/retail/v2/nomenclature/list?withBalance=true&page=0&pageSize=100&pointId=20268&priceListId=59&searchString=X8177837 "HTTP/1.1 200 OK"
2026-06-20 15:33:01,687 INFO httpx HTTP Request: GET https://api.sbis.ru/retail/v2/nomenclature/list?withBalance=true&page=0&pageSize=100&pointId=20268&priceListId=59&searchString=X8124430 "HTTP/1.1 200 OK"
2026-06-20 15:33:01,710 INFO httpx HTTP Request: GET https://api.sbis.ru/retail/v2/nomenclature/list?withBalance=true&page=0&pageSize=100&pointId=20268&priceListId=59&searchString=X8248484 "HTTP/1.1 200 OK"
2026-06-20 15:33:02,015 INFO httpx HTTP Request: GET https://api.sbis.ru/retail/v2/nomenclature/list?withBalance=true&page=0&pageSize=100&pointId=20268&priceListId=59&searchString=X8399051 "HTTP/1.1 200 OK"
2026-06-20 15:33:02,017 INFO httpx HTTP Request: GET https://api.sbis.ru/retail/v2/nomenclature/list?withBalance=true&page=0&pageSize=100&pointId=20268&priceListId=59&searchString=X8249791 "HTTP/1.1 200 OK"
2026-06-20 15:33:02,063 INFO httpx HTTP Request: GET https://api.sbis.ru/retail/v2/nomenclature/list?withBalance=true&page=0&pageSize=100&pointId=20268&priceListId=59&searchString=X8656949 "HTTP/1.1 200 OK"
2026-06-20 15:33:02,079 INFO httpx HTTP Request: GET https://api.sbis.ru/retail/v2/nomenclature/list?withBalance=true&page=0&pageSize=100&pointId=20268&priceListId=59&searchString=X8690712 "HTTP/1.1 200 OK"
2026-06-20 15:33:02,092 INFO httpx HTTP Request: GET https://api.sbis.ru/retail/v2/nomenclature/list?withBalance=true&page=0&pageSize=100&pointId=20268&priceListId=59&searchString=X8313761 "HTTP/1.1 200 OK"
2026-06-20 15:33:02,110 INFO httpx HTTP Request: GET https://api.sbis.ru/retail/v2/nomenclature/list?withBalance=true&page=0&pageSize=100&pointId=20268&priceListId=59&searchString=X8700663 "HTTP/1.1 200 OK"
2026-06-20 15:33:02,376 INFO httpx HTTP Request: GET https://api.sbis.ru/retail/v2/nomenclature/list?withBalance=true&page=0&pageSize=100&pointId=20268&priceListId=59&searchString=X8721250 "HTTP/1.1 200 OK"
2026-06-20 15:33:02,376 INFO httpx HTTP Request: GET https://api.sbis.ru/retail/v2/nomenclature/list?withBalance=true&page=0&pageSize=100&pointId=20268&priceListId=59&searchString=X8849526 "HTTP/1.1 200 OK"
2026-06-20 15:33:02,400 INFO httpx HTTP Request: GET https://api.sbis.ru/retail/v2/nomenclature/list?withBalance=true&page=0&pageSize=100&pointId=20268&priceListId=59&searchString=X8783690 "HTTP/1.1 200 OK"
2026-06-20 15:33:02,408 INFO httpx HTTP Request: GET https://api.sbis.ru/retail/v2/nomenclature/list?withBalance=true&page=0&pageSize=100&pointId=20268&priceListId=59&searchString=X8810846 "HTTP/1.1 200 OK"
2026-06-20 15:33:02,751 INFO httpx HTTP Request: GET https://api.sbis.ru/retail/v2/nomenclature/list?withBalance=true&page=0&pageSize=100&pointId=20268&priceListId=59&searchString=X9502404 "HTTP/1.1 200 OK"
2026-06-20 15:33:02,763 INFO httpx HTTP Request: GET https://api.sbis.ru/retail/v2/nomenclature/list?withBalance=true&page=0&pageSize=100&pointId=20268&priceListId=59&searchString=X9285091 "HTTP/1.1 200 OK"
2026-06-20 15:33:02,780 INFO httpx HTTP Request: GET https://api.sbis.ru/retail/v2/nomenclature/list?withBalance=true&page=0&pageSize=100&pointId=20268&priceListId=59&searchString=X9541106 "HTTP/1.1 200 OK"
2026-06-20 15:33:02,793 INFO httpx HTTP Request: GET https://api.sbis.ru/retail/v2/nomenclature/list?withBalance=true&page=0&pageSize=100&pointId=20268&priceListId=59&searchString=X9260806 "HTTP/1.1 200 OK"
2026-06-20 15:33:02,800 INFO httpx HTTP Request: GET https://api.sbis.ru/retail/v2/nomenclature/list?withBalance=true&page=0&pageSize=100&pointId=20268&priceListId=59&searchString=X9627238 "HTTP/1.1 200 OK"
2026-06-20 15:33:02,813 INFO httpx HTTP Request: GET https://api.sbis.ru/retail/v2/nomenclature/list?withBalance=true&page=0&pageSize=100&pointId=20268&priceListId=59&searchString=X9766737 "HTTP/1.1 200 OK"
2026-06-20 15:33:02,932 INFO src.backend.app.services.orchestrator sync_run completed
2026-06-20 15:33:05,518 INFO httpx HTTP Request: GET https://api.sbis.ru/retail/order/list?fromDateTime=2026-04-01+00%3A00%3A00&page=0&pageSize=200&toDateTime=2026-05-01+00%3A00%3A00&pointId=20268 "HTTP/1.1 200 OK"
2026-06-20 15:33:08,526 INFO httpx HTTP Request: GET https://api.sbis.ru/retail/order/list?fromDateTime=2026-05-01+00%3A00%3A00&page=0&pageSize=200&toDateTime=2026-06-01+00%3A00%3A00&pointId=20268 "HTTP/1.1 200 OK"
2026-06-20 15:33:11,500 INFO httpx HTTP Request: GET https://api.sbis.ru/retail/order/list?fromDateTime=2026-06-01+00%3A00%3A00&page=0&pageSize=200&toDateTime=2026-07-01+00%3A00%3A00&pointId=20268 "HTTP/1.1 200 OK"
2026-06-20 15:33:11,872 INFO src.backend.app.services.orchestrator sync_run completed
2026-06-20 15:33:13,750 INFO httpx HTTP Request: GET https://api.sbis.ru/retail/v2/nomenclature/list?withBalance=true&page=0&pageSize=500&pointId=25042&priceListId=65 "HTTP/1.1 200 OK"
2026-06-20 15:33:14,102 WARNING src.backend.app.ingestion.stock Skipping stock row with invalid payload for store 25042: None
2026-06-20 15:33:14,102 WARNING src.backend.app.ingestion.stock Skipping stock row with invalid payload for store 25042: None
2026-06-20 15:33:14,103 WARNING src.backend.app.ingestion.stock Skipping stock row with invalid payload for store 25042: None
2026-06-20 15:33:14,104 WARNING src.backend.app.ingestion.stock Skipping stock row with invalid payload for store 25042: None
2026-06-20 15:33:14,104 WARNING src.backend.app.ingestion.stock Skipping stock row with invalid payload for store 25042: None
2026-06-20 15:33:14,104 WARNING src.backend.app.ingestion.stock Skipping stock row with invalid payload for store 25042: None
2026-06-20 15:33:15,900 INFO httpx HTTP Request: GET https://api.sbis.ru/retail/v2/nomenclature/list?withBalance=true&page=1&pageSize=500&pointId=25042&priceListId=65 "HTTP/1.1 200 OK"
2026-06-20 15:33:16,454 WARNING src.backend.app.ingestion.stock Skipping stock row with invalid payload for store 25042: None
2026-06-20 15:33:16,455 WARNING src.backend.app.ingestion.stock Skipping stock row with invalid payload for store 25042: None
2026-06-20 15:33:16,455 WARNING src.backend.app.ingestion.stock Skipping stock row with invalid payload for store 25042: None
2026-06-20 15:33:16,456 WARNING src.backend.app.ingestion.stock Skipping stock row with invalid payload for store 25042: None
2026-06-20 15:33:17,311 INFO httpx HTTP Request: GET https://api.sbis.ru/retail/v2/nomenclature/list?withBalance=true&page=0&pageSize=100&pointId=25042&priceListId=65&searchString=X1930568 "HTTP/1.1 200 OK"
2026-06-20 15:33:17,315 INFO httpx HTTP Request: GET https://api.sbis.ru/retail/v2/nomenclature/list?withBalance=true&page=0&pageSize=100&pointId=25042&priceListId=65&searchString=X1016836 "HTTP/1.1 200 OK"
2026-06-20 15:33:17,344 INFO httpx HTTP Request: GET https://api.sbis.ru/retail/v2/nomenclature/list?withBalance=true&page=0&pageSize=100&pointId=25042&priceListId=65&searchString=X2013503 "HTTP/1.1 200 OK"
2026-06-20 15:33:17,345 INFO httpx HTTP Request: GET https://api.sbis.ru/retail/v2/nomenclature/list?withBalance=true&page=0&pageSize=100&pointId=25042&priceListId=65&searchString=X1434152 "HTTP/1.1 200 OK"
2026-06-20 15:33:17,363 INFO httpx HTTP Request: GET https://api.sbis.ru/retail/v2/nomenclature/list?withBalance=true&page=0&pageSize=100&pointId=25042&priceListId=65&searchString=X2087717 "HTTP/1.1 200 OK"
2026-06-20 15:33:17,389 INFO httpx HTTP Request: GET https://api.sbis.ru/retail/v2/nomenclature/list?withBalance=true&page=0&pageSize=100&pointId=25042&priceListId=65&searchString=X2045044 "HTTP/1.1 200 OK"
2026-06-20 15:33:17,389 INFO httpx HTTP Request: GET https://api.sbis.ru/retail/v2/nomenclature/list?withBalance=true&page=0&pageSize=100&pointId=25042&priceListId=65&searchString=X1196834 "HTTP/1.1 200 OK"
2026-06-20 15:33:17,390 INFO httpx HTTP Request: GET https://api.sbis.ru/retail/v2/nomenclature/list?withBalance=true&page=0&pageSize=100&pointId=25042&priceListId=65&searchString=X1376210 "HTTP/1.1 200 OK"
2026-06-20 15:33:17,392 INFO httpx HTTP Request: GET https://api.sbis.ru/retail/v2/nomenclature/list?withBalance=true&page=0&pageSize=100&pointId=25042&priceListId=65&searchString=X1889458 "HTTP/1.1 200 OK"
2026-06-20 15:33:17,436 INFO httpx HTTP Request: GET https://api.sbis.ru/retail/v2/nomenclature/list?withBalance=true&page=0&pageSize=100&pointId=25042&priceListId=65&searchString=X148307 "HTTP/1.1 200 OK"
2026-06-20 15:33:18,078 INFO httpx HTTP Request: GET https://api.sbis.ru/retail/v2/nomenclature/list?withBalance=true&page=0&pageSize=100&pointId=25042&priceListId=65&searchString=X256742 "HTTP/1.1 200 OK"
2026-06-20 15:33:18,104 INFO httpx HTTP Request: GET https://api.sbis.ru/retail/v2/nomenclature/list?withBalance=true&page=0&pageSize=100&pointId=25042&priceListId=65&searchString=X2344308 "HTTP/1.1 200 OK"
2026-06-20 15:33:18,153 INFO httpx HTTP Request: GET https://api.sbis.ru/retail/v2/nomenclature/list?withBalance=true&page=0&pageSize=100&pointId=25042&priceListId=65&searchString=X3166124 "HTTP/1.1 200 OK"
2026-06-20 15:33:18,170 INFO httpx HTTP Request: GET https://api.sbis.ru/retail/v2/nomenclature/list?withBalance=true&page=0&pageSize=100&pointId=25042&priceListId=65&searchString=X30847 "HTTP/1.1 200 OK"
2026-06-20 15:33:18,171 INFO httpx HTTP Request: GET https://api.sbis.ru/retail/v2/nomenclature/list?withBalance=true&page=0&pageSize=100&pointId=25042&priceListId=65&searchString=X2681527 "HTTP/1.1 200 OK"
2026-06-20 15:33:18,209 INFO httpx HTTP Request: GET https://api.sbis.ru/retail/v2/nomenclature/list?withBalance=true&page=0&pageSize=100&pointId=25042&priceListId=65&searchString=X2844023 "HTTP/1.1 200 OK"
2026-06-20 15:33:18,231 INFO httpx HTTP Request: GET https://api.sbis.ru/retail/v2/nomenclature/list?withBalance=true&page=0&pageSize=100&pointId=25042&priceListId=65&searchString=X317557 "HTTP/1.1 200 OK"
2026-06-20 15:33:18,259 INFO httpx HTTP Request: GET https://api.sbis.ru/retail/v2/nomenclature/list?withBalance=true&page=0&pageSize=100&pointId=25042&priceListId=65&searchString=X2625104 "HTTP/1.1 200 OK"
2026-06-20 15:33:18,625 INFO httpx HTTP Request: GET https://api.sbis.ru/retail/v2/nomenclature/list?withBalance=true&page=0&pageSize=100&pointId=25042&priceListId=65&searchString=X2957126 "HTTP/1.1 200 OK"
2026-06-20 15:33:18,655 INFO httpx HTTP Request: GET https://api.sbis.ru/retail/v2/nomenclature/list?withBalance=true&page=0&pageSize=100&pointId=25042&priceListId=65&searchString=X3454000 "HTTP/1.1 200 OK"
2026-06-20 15:33:18,781 INFO httpx HTTP Request: GET https://api.sbis.ru/retail/v2/nomenclature/list?withBalance=true&page=0&pageSize=100&pointId=25042&priceListId=65&searchString=X3489158 "HTTP/1.1 200 OK"
2026-06-20 15:33:18,804 INFO httpx HTTP Request: GET https://api.sbis.ru/retail/v2/nomenclature/list?withBalance=true&page=0&pageSize=100&pointId=25042&priceListId=65&searchString=X3488707 "HTTP/1.1 200 OK"
2026-06-20 15:33:18,883 INFO httpx HTTP Request: GET https://api.sbis.ru/retail/v2/nomenclature/list?withBalance=true&page=0&pageSize=100&pointId=25042&priceListId=65&searchString=X4152753 "HTTP/1.1 200 OK"
2026-06-20 15:33:18,902 INFO httpx HTTP Request: GET https://api.sbis.ru/retail/v2/nomenclature/list?withBalance=true&page=0&pageSize=100&pointId=25042&priceListId=65&searchString=X4250003 "HTTP/1.1 200 OK"
2026-06-20 15:33:18,902 INFO httpx HTTP Request: GET https://api.sbis.ru/retail/v2/nomenclature/list?withBalance=true&page=0&pageSize=100&pointId=25042&priceListId=65&searchString=X3982883 "HTTP/1.1 200 OK"
2026-06-20 15:33:18,973 INFO httpx HTTP Request: GET https://api.sbis.ru/retail/v2/nomenclature/list?withBalance=true&page=0&pageSize=100&pointId=25042&priceListId=65&searchString=X429454 "HTTP/1.1 200 OK"
2026-06-20 15:33:19,001 INFO httpx HTTP Request: GET https://api.sbis.ru/retail/v2/nomenclature/list?withBalance=true&page=0&pageSize=100&pointId=25042&priceListId=65&searchString=X4375504 "HTTP/1.1 200 OK"
2026-06-20 15:33:19,379 INFO httpx HTTP Request: GET https://api.sbis.ru/retail/v2/nomenclature/list?withBalance=true&page=0&pageSize=100&pointId=25042&priceListId=65&searchString=X448088 "HTTP/1.1 200 OK"
2026-06-20 15:33:19,417 INFO httpx HTTP Request: GET https://api.sbis.ru/retail/v2/nomenclature/list?withBalance=true&page=0&pageSize=100&pointId=25042&priceListId=65&searchString=X4864317 "HTTP/1.1 200 OK"
2026-06-20 15:33:19,472 INFO httpx HTTP Request: GET https://api.sbis.ru/retail/v2/nomenclature/list?withBalance=true&page=0&pageSize=100&pointId=25042&priceListId=65&searchString=X5239777 "HTTP/1.1 200 OK"
2026-06-20 15:33:19,507 INFO httpx HTTP Request: GET https://api.sbis.ru/retail/v2/nomenclature/list?withBalance=true&page=0&pageSize=100&pointId=25042&priceListId=65&searchString=X5055339 "HTTP/1.1 200 OK"
2026-06-20 15:33:19,533 INFO httpx HTTP Request: GET https://api.sbis.ru/retail/v2/nomenclature/list?withBalance=true&page=0&pageSize=100&pointId=25042&priceListId=65&searchString=X384693 "HTTP/1.1 200 OK"
2026-06-20 15:33:19,620 INFO httpx HTTP Request: GET https://api.sbis.ru/retail/v2/nomenclature/list?withBalance=true&page=0&pageSize=100&pointId=25042&priceListId=65&searchString=X5364562 "HTTP/1.1 200 OK"
2026-06-20 15:33:19,643 INFO httpx HTTP Request: GET https://api.sbis.ru/retail/v2/nomenclature/list?withBalance=true&page=0&pageSize=100&pointId=25042&priceListId=65&searchString=X554545 "HTTP/1.1 200 OK"
2026-06-20 15:33:19,658 INFO httpx HTTP Request: GET https://api.sbis.ru/retail/v2/nomenclature/list?withBalance=true&page=0&pageSize=100&pointId=25042&priceListId=65&searchString=X5241077 "HTTP/1.1 200 OK"
2026-06-20 15:33:19,704 INFO httpx HTTP Request: GET https://api.sbis.ru/retail/v2/nomenclature/list?withBalance=true&page=0&pageSize=100&pointId=25042&priceListId=65&searchString=X5334605 "HTTP/1.1 200 OK"
2026-06-20 15:33:19,725 INFO httpx HTTP Request: GET https://api.sbis.ru/retail/v2/nomenclature/list?withBalance=true&page=0&pageSize=100&pointId=25042&priceListId=65&searchString=X572024 "HTTP/1.1 200 OK"
2026-06-20 15:33:20,148 INFO httpx HTTP Request: GET https://api.sbis.ru/retail/v2/nomenclature/list?withBalance=true&page=0&pageSize=100&pointId=25042&priceListId=65&searchString=X5997691 "HTTP/1.1 200 OK"
2026-06-20 15:33:20,179 INFO httpx HTTP Request: GET https://api.sbis.ru/retail/v2/nomenclature/list?withBalance=true&page=0&pageSize=100&pointId=25042&priceListId=65&searchString=X5877346 "HTTP/1.1 200 OK"
2026-06-20 15:33:20,199 INFO httpx HTTP Request: GET https://api.sbis.ru/retail/v2/nomenclature/list?withBalance=true&page=0&pageSize=100&pointId=25042&priceListId=65&searchString=X5998076 "HTTP/1.1 200 OK"
2026-06-20 15:33:20,200 INFO httpx HTTP Request: GET https://api.sbis.ru/retail/v2/nomenclature/list?withBalance=true&page=0&pageSize=100&pointId=25042&priceListId=65&searchString=X6181860 "HTTP/1.1 200 OK"
2026-06-20 15:33:20,227 INFO httpx HTTP Request: GET https://api.sbis.ru/retail/v2/nomenclature/list?withBalance=true&page=0&pageSize=100&pointId=25042&priceListId=65&searchString=X607503 "HTTP/1.1 200 OK"
2026-06-20 15:33:20,318 INFO httpx HTTP Request: GET https://api.sbis.ru/retail/v2/nomenclature/list?withBalance=true&page=0&pageSize=100&pointId=25042&priceListId=65&searchString=X6228021 "HTTP/1.1 200 OK"
2026-06-20 15:33:20,337 INFO httpx HTTP Request: GET https://api.sbis.ru/retail/v2/nomenclature/list?withBalance=true&page=0&pageSize=100&pointId=25042&priceListId=65&searchString=X6333835 "HTTP/1.1 200 OK"
2026-06-20 15:33:20,381 INFO httpx HTTP Request: GET https://api.sbis.ru/retail/v2/nomenclature/list?withBalance=true&page=0&pageSize=100&pointId=25042&priceListId=65&searchString=X6353582 "HTTP/1.1 200 OK"
2026-06-20 15:33:20,395 INFO httpx HTTP Request: GET https://api.sbis.ru/retail/v2/nomenclature/list?withBalance=true&page=0&pageSize=100&pointId=25042&priceListId=65&searchString=X6401232 "HTTP/1.1 200 OK"
2026-06-20 15:33:20,467 INFO httpx HTTP Request: GET https://api.sbis.ru/retail/v2/nomenclature/list?withBalance=true&page=0&pageSize=100&pointId=25042&priceListId=65&searchString=X6386869 "HTTP/1.1 200 OK"
2026-06-20 15:33:20,857 INFO httpx HTTP Request: GET https://api.sbis.ru/retail/v2/nomenclature/list?withBalance=true&page=0&pageSize=100&pointId=25042&priceListId=65&searchString=X6437665 "HTTP/1.1 200 OK"
2026-06-20 15:33:20,888 INFO httpx HTTP Request: GET https://api.sbis.ru/retail/v2/nomenclature/list?withBalance=true&page=0&pageSize=100&pointId=25042&priceListId=65&searchString=X6464844 "HTTP/1.1 200 OK"
2026-06-20 15:33:20,936 INFO httpx HTTP Request: GET https://api.sbis.ru/retail/v2/nomenclature/list?withBalance=true&page=0&pageSize=100&pointId=25042&priceListId=65&searchString=X6578043 "HTTP/1.1 200 OK"
2026-06-20 15:33:20,967 INFO httpx HTTP Request: GET https://api.sbis.ru/retail/v2/nomenclature/list?withBalance=true&page=0&pageSize=100&pointId=25042&priceListId=65&searchString=X6608068 "HTTP/1.1 200 OK"
2026-06-20 15:33:20,982 INFO httpx HTTP Request: GET https://api.sbis.ru/retail/v2/nomenclature/list?withBalance=true&page=0&pageSize=100&pointId=25042&priceListId=65&searchString=X6503678 "HTTP/1.1 200 OK"
2026-06-20 15:33:21,041 INFO httpx HTTP Request: GET https://api.sbis.ru/retail/v2/nomenclature/list?withBalance=true&page=0&pageSize=100&pointId=25042&priceListId=65&searchString=X6729114 "HTTP/1.1 200 OK"
2026-06-20 15:33:21,068 INFO httpx HTTP Request: GET https://api.sbis.ru/retail/v2/nomenclature/list?withBalance=true&page=0&pageSize=100&pointId=25042&priceListId=65&searchString=X7130629 "HTTP/1.1 200 OK"
2026-06-20 15:33:21,092 INFO httpx HTTP Request: GET https://api.sbis.ru/retail/v2/nomenclature/list?withBalance=true&page=0&pageSize=100&pointId=25042&priceListId=65&searchString=X74133 "HTTP/1.1 200 OK"
2026-06-20 15:33:21,105 INFO httpx HTTP Request: GET https://api.sbis.ru/retail/v2/nomenclature/list?withBalance=true&page=0&pageSize=100&pointId=25042&priceListId=65&searchString=X7226503 "HTTP/1.1 200 OK"
2026-06-20 15:33:21,181 INFO httpx HTTP Request: GET https://api.sbis.ru/retail/v2/nomenclature/list?withBalance=true&page=0&pageSize=100&pointId=25042&priceListId=65&searchString=X7509948 "HTTP/1.1 200 OK"
2026-06-20 15:33:21,552 INFO httpx HTTP Request: GET https://api.sbis.ru/retail/v2/nomenclature/list?withBalance=true&page=0&pageSize=100&pointId=25042&priceListId=65&searchString=X7551710 "HTTP/1.1 200 OK"
2026-06-20 15:33:21,591 INFO httpx HTTP Request: GET https://api.sbis.ru/retail/v2/nomenclature/list?withBalance=true&page=0&pageSize=100&pointId=25042&priceListId=65&searchString=X7584433 "HTTP/1.1 200 OK"
2026-06-20 15:33:21,695 INFO httpx HTTP Request: GET https://api.sbis.ru/retail/v2/nomenclature/list?withBalance=true&page=0&pageSize=100&pointId=25042&priceListId=65&searchString=X7640022 "HTTP/1.1 200 OK"
2026-06-20 15:33:21,716 INFO httpx HTTP Request: GET https://api.sbis.ru/retail/v2/nomenclature/list?withBalance=true&page=0&pageSize=100&pointId=25042&priceListId=65&searchString=X7596816 "HTTP/1.1 200 OK"
2026-06-20 15:33:21,717 INFO httpx HTTP Request: GET https://api.sbis.ru/retail/v2/nomenclature/list?withBalance=true&page=0&pageSize=100&pointId=25042&priceListId=65&searchString=X7659478 "HTTP/1.1 200 OK"
2026-06-20 15:33:21,765 INFO httpx HTTP Request: GET https://api.sbis.ru/retail/v2/nomenclature/list?withBalance=true&page=0&pageSize=100&pointId=25042&priceListId=65&searchString=X7922240 "HTTP/1.1 200 OK"
2026-06-20 15:33:21,778 INFO httpx HTTP Request: GET https://api.sbis.ru/retail/v2/nomenclature/list?withBalance=true&page=0&pageSize=100&pointId=25042&priceListId=65&searchString=X7840533 "HTTP/1.1 200 OK"
2026-06-20 15:33:21,794 INFO httpx HTTP Request: GET https://api.sbis.ru/retail/v2/nomenclature/list?withBalance=true&page=0&pageSize=100&pointId=25042&priceListId=65&searchString=X7702945 "HTTP/1.1 200 OK"
2026-06-20 15:33:21,816 INFO httpx HTTP Request: GET https://api.sbis.ru/retail/v2/nomenclature/list?withBalance=true&page=0&pageSize=100&pointId=25042&priceListId=65&searchString=X7971619 "HTTP/1.1 200 OK"
2026-06-20 15:33:21,912 INFO httpx HTTP Request: GET https://api.sbis.ru/retail/v2/nomenclature/list?withBalance=true&page=0&pageSize=100&pointId=25042&priceListId=65&searchString=X7998115 "HTTP/1.1 200 OK"
2026-06-20 15:33:22,304 INFO httpx HTTP Request: GET https://api.sbis.ru/retail/v2/nomenclature/list?withBalance=true&page=0&pageSize=100&pointId=25042&priceListId=65&searchString=X8026576 "HTTP/1.1 200 OK"
2026-06-20 15:33:22,331 INFO httpx HTTP Request: GET https://api.sbis.ru/retail/v2/nomenclature/list?withBalance=true&page=0&pageSize=100&pointId=25042&priceListId=65&searchString=X8035317 "HTTP/1.1 200 OK"
2026-06-20 15:33:22,424 INFO httpx HTTP Request: GET https://api.sbis.ru/retail/v2/nomenclature/list?withBalance=true&page=0&pageSize=100&pointId=25042&priceListId=65&searchString=X8124430 "HTTP/1.1 200 OK"
2026-06-20 15:33:22,445 INFO httpx HTTP Request: GET https://api.sbis.ru/retail/v2/nomenclature/list?withBalance=true&page=0&pageSize=100&pointId=25042&priceListId=65&searchString=X8081831 "HTTP/1.1 200 OK"
2026-06-20 15:33:22,468 INFO httpx HTTP Request: GET https://api.sbis.ru/retail/v2/nomenclature/list?withBalance=true&page=0&pageSize=100&pointId=25042&priceListId=65&searchString=X807153 "HTTP/1.1 200 OK"
2026-06-20 15:33:22,510 INFO httpx HTTP Request: GET https://api.sbis.ru/retail/v2/nomenclature/list?withBalance=true&page=0&pageSize=100&pointId=25042&priceListId=65&searchString=X8249791 "HTTP/1.1 200 OK"
2026-06-20 15:33:22,530 INFO httpx HTTP Request: GET https://api.sbis.ru/retail/v2/nomenclature/list?withBalance=true&page=0&pageSize=100&pointId=25042&priceListId=65&searchString=X8248484 "HTTP/1.1 200 OK"
2026-06-20 15:33:22,530 INFO httpx HTTP Request: GET https://api.sbis.ru/retail/v2/nomenclature/list?withBalance=true&page=0&pageSize=100&pointId=25042&priceListId=65&searchString=X8177837 "HTTP/1.1 200 OK"
2026-06-20 15:33:22,531 INFO httpx HTTP Request: GET https://api.sbis.ru/retail/v2/nomenclature/list?withBalance=true&page=0&pageSize=100&pointId=25042&priceListId=65&searchString=X8313761 "HTTP/1.1 200 OK"
2026-06-20 15:33:22,589 INFO httpx HTTP Request: GET https://api.sbis.ru/retail/v2/nomenclature/list?withBalance=true&page=0&pageSize=100&pointId=25042&priceListId=65&searchString=X8358934 "HTTP/1.1 200 OK"
2026-06-20 15:33:23,049 INFO httpx HTTP Request: GET https://api.sbis.ru/retail/v2/nomenclature/list?withBalance=true&page=0&pageSize=100&pointId=25042&priceListId=65&searchString=X8399051 "HTTP/1.1 200 OK"
2026-06-20 15:33:23,072 INFO httpx HTTP Request: GET https://api.sbis.ru/retail/v2/nomenclature/list?withBalance=true&page=0&pageSize=100&pointId=25042&priceListId=65&searchString=X8700663 "HTTP/1.1 200 OK"
2026-06-20 15:33:23,155 INFO httpx HTTP Request: GET https://api.sbis.ru/retail/v2/nomenclature/list?withBalance=true&page=0&pageSize=100&pointId=25042&priceListId=65&searchString=X8744110 "HTTP/1.1 200 OK"
2026-06-20 15:33:23,186 INFO httpx HTTP Request: GET https://api.sbis.ru/retail/v2/nomenclature/list?withBalance=true&page=0&pageSize=100&pointId=25042&priceListId=65&searchString=X8721250 "HTTP/1.1 200 OK"
2026-06-20 15:33:23,238 INFO httpx HTTP Request: GET https://api.sbis.ru/retail/v2/nomenclature/list?withBalance=true&page=0&pageSize=100&pointId=25042&priceListId=65&searchString=X8783690 "HTTP/1.1 200 OK"
2026-06-20 15:33:23,254 INFO httpx HTTP Request: GET https://api.sbis.ru/retail/v2/nomenclature/list?withBalance=true&page=0&pageSize=100&pointId=25042&priceListId=65&searchString=X8849526 "HTTP/1.1 200 OK"
2026-06-20 15:33:23,269 INFO httpx HTTP Request: GET https://api.sbis.ru/retail/v2/nomenclature/list?withBalance=true&page=0&pageSize=100&pointId=25042&priceListId=65&searchString=X9260806 "HTTP/1.1 200 OK"
2026-06-20 15:33:23,557 INFO httpx HTTP Request: GET https://api.sbis.ru/retail/v2/nomenclature/list?withBalance=true&page=0&pageSize=100&pointId=25042&priceListId=65&searchString=X8765407 "HTTP/1.1 200 OK"
2026-06-20 15:33:23,788 INFO httpx HTTP Request: GET https://api.sbis.ru/retail/v2/nomenclature/list?withBalance=true&page=0&pageSize=100&pointId=25042&priceListId=65&searchString=X8810846 "HTTP/1.1 200 OK"
2026-06-20 15:33:23,863 INFO httpx HTTP Request: GET https://api.sbis.ru/retail/v2/nomenclature/list?withBalance=true&page=0&pageSize=100&pointId=25042&priceListId=65&searchString=X9766737 "HTTP/1.1 200 OK"
2026-06-20 15:33:23,906 INFO httpx HTTP Request: GET https://api.sbis.ru/retail/v2/nomenclature/list?withBalance=true&page=0&pageSize=100&pointId=25042&priceListId=65&searchString=X9627238 "HTTP/1.1 200 OK"
2026-06-20 15:33:24,347 INFO httpx HTTP Request: GET https://api.sbis.ru/retail/v2/nomenclature/list?withBalance=true&page=0&pageSize=100&pointId=25042&priceListId=65&searchString=X9285091 "HTTP/1.1 200 OK"
2026-06-20 15:33:24,778 INFO httpx HTTP Request: GET https://api.sbis.ru/retail/v2/nomenclature/list?withBalance=true&page=0&pageSize=100&pointId=25042&priceListId=65&searchString=X9541106 "HTTP/1.1 200 OK"
2026-06-20 15:33:24,837 INFO httpx HTTP Request: GET https://api.sbis.ru/retail/v2/nomenclature/list?withBalance=true&page=0&pageSize=100&pointId=25042&priceListId=65&searchString=X9502404 "HTTP/1.1 200 OK"
2026-06-20 15:33:25,460 INFO httpx HTTP Request: GET https://api.sbis.ru/retail/v2/nomenclature/list?withBalance=true&page=0&pageSize=100&pointId=25042&priceListId=65&searchString=X9847596 "HTTP/1.1 200 OK"
2026-06-20 15:33:25,557 INFO src.backend.app.services.orchestrator sync_run completed
2026-06-20 15:33:27,259 INFO httpx HTTP Request: GET https://api.sbis.ru/retail/order/list?fromDateTime=2026-04-01+00%3A00%3A00&page=0&pageSize=200&toDateTime=2026-05-01+00%3A00%3A00&pointId=25042 "HTTP/1.1 200 OK"
2026-06-20 15:33:29,289 INFO httpx HTTP Request: GET https://api.sbis.ru/retail/order/list?fromDateTime=2026-05-01+00%3A00%3A00&page=0&pageSize=200&toDateTime=2026-06-01+00%3A00%3A00&pointId=25042 "HTTP/1.1 200 OK"
2026-06-20 15:33:31,720 INFO httpx HTTP Request: GET https://api.sbis.ru/retail/order/list?fromDateTime=2026-06-01+00%3A00%3A00&page=0&pageSize=200&toDateTime=2026-07-01+00%3A00%3A00&pointId=25042 "HTTP/1.1 200 OK"
2026-06-20 15:33:31,931 INFO src.backend.app.services.orchestrator sync_run completed
2026-06-20 15:33:31,934 INFO candy_forecast.startup startup bootstrap finished: ok
2026-06-20 15:50:40,176 INFO httpx HTTP Request: POST https://online.sbis.ru/oauth/service/ "HTTP/1.1 200 OK"
2026-06-20 15:50:41,302 INFO httpx HTTP Request: GET https://api.sbis.ru/retail/point/list?product=retail&page=0&pageSize=100 "HTTP/1.1 200 OK"
2026-06-20 15:51:12,633 INFO httpx HTTP Request: POST https://online.sbis.ru/oauth/service/ "HTTP/1.1 200 OK"
2026-06-20 15:51:13,556 INFO httpx HTTP Request: GET https://api.sbis.ru/retail/v2/nomenclature/list?withBalance=true&page=0&pageSize=100&pointId=3900&noStopList=true "HTTP/1.1 200 OK"
2026-06-20 15:51:57,360 INFO httpx HTTP Request: POST https://online.sbis.ru/oauth/service/ "HTTP/1.1 200 OK"
2026-06-20 15:51:58,047 INFO httpx HTTP Request: GET https://api.sbis.ru/retail/nomenclature/price-list?page=0&pageSize=100&pointId=3900&actualDate=2026-06-20 "HTTP/1.1 200 OK"
2026-06-20 15:52:15,310 INFO httpx HTTP Request: POST https://online.sbis.ru/oauth/service/ "HTTP/1.1 200 OK"
2026-06-20 15:52:15,964 INFO httpx HTTP Request: GET https://api.sbis.ru/retail/nomenclature/price-list?page=0&pageSize=100&pointId=3900&actualDate=2026-06-20 "HTTP/1.1 200 OK"
2026-06-20 15:52:45,909 INFO httpx HTTP Request: POST https://online.sbis.ru/oauth/service/ "HTTP/1.1 200 OK"
2026-06-20 15:52:46,660 INFO httpx HTTP Request: GET https://api.sbis.ru/retail/v2/nomenclature/list?withBalance=true&page=0&pageSize=100&pointId=170&noStopList=true "HTTP/1.1 200 OK"
2026-06-20 15:53:01,999 INFO httpx HTTP Request: POST https://online.sbis.ru/oauth/service/ "HTTP/1.1 200 OK"
2026-06-20 15:53:02,626 INFO httpx HTTP Request: GET https://api.sbis.ru/retail/nomenclature/price-list?page=0&pageSize=100&pointId=170&actualDate=2026-06-20 "HTTP/1.1 200 OK"
2026-06-20 15:53:18,454 INFO httpx HTTP Request: POST https://online.sbis.ru/oauth/service/ "HTTP/1.1 200 OK"
2026-06-20 15:53:20,433 INFO httpx HTTP Request: GET https://api.sbis.ru/retail/v2/nomenclature/list?withBalance=true&page=0&pageSize=100&pointId=170&priceListId=13&noStopList=true "HTTP/1.1 200 OK"
2026-06-20 15:55:29,265 INFO httpx HTTP Request: POST https://online.sbis.ru/oauth/service/ "HTTP/1.1 200 OK"
2026-06-20 15:55:31,642 INFO httpx HTTP Request: GET https://api.sbis.ru/retail/v2/nomenclature/list?withBalance=true&page=0&pageSize=1000&pointId=170&priceListId=13&noStopList=true "HTTP/1.1 200 OK"
2026-06-20 16:14:31,026 INFO httpx HTTP Request: POST https://online.sbis.ru/oauth/service/ "HTTP/1.1 200 OK"
2026-06-20 16:14:33,370 INFO httpx HTTP Request: GET https://api.sbis.ru/retail/v2/nomenclature/list?withBalance=true&page=0&pageSize=500&pointId=170&priceListId=13 "HTTP/1.1 200 OK"
2026-06-20 16:14:33,517 WARNING src.backend.app.ingestion.stock Skipping stock row with invalid payload for store 170: None
2026-06-20 16:14:33,518 WARNING src.backend.app.ingestion.stock Skipping stock row with invalid payload for store 170: None
2026-06-20 16:14:33,518 WARNING src.backend.app.ingestion.stock Skipping stock row with invalid payload for store 170: None
2026-06-20 16:14:33,520 WARNING src.backend.app.ingestion.stock Skipping stock row with invalid payload for store 170: None
2026-06-20 16:14:33,521 WARNING src.backend.app.ingestion.stock Skipping stock row with invalid payload for store 170: None
2026-06-20 16:14:33,521 WARNING src.backend.app.ingestion.stock Skipping stock row with invalid payload for store 170: None
2026-06-20 16:14:33,522 WARNING src.backend.app.ingestion.stock Skipping stock row with invalid payload for store 170: None
2026-06-20 16:14:35,563 INFO httpx HTTP Request: GET https://api.sbis.ru/retail/v2/nomenclature/list?withBalance=true&page=1&pageSize=500&pointId=170&priceListId=13 "HTTP/1.1 200 OK"
2026-06-20 16:14:35,720 WARNING src.backend.app.ingestion.stock Skipping stock row with invalid payload for store 170: None
2026-06-20 16:14:35,722 WARNING src.backend.app.ingestion.stock Skipping stock row with invalid payload for store 170: None
2026-06-20 16:14:35,722 WARNING src.backend.app.ingestion.stock Skipping stock row with invalid payload for store 170: None
2026-06-20 16:14:35,722 WARNING src.backend.app.ingestion.stock Skipping stock row with invalid payload for store 170: None
2026-06-20 16:14:35,723 WARNING src.backend.app.ingestion.stock Skipping stock row with invalid payload for store 170: None
2026-06-20 16:14:36,583 INFO httpx HTTP Request: GET https://api.sbis.ru/retail/v2/nomenclature/list?withBalance=true&page=0&pageSize=100&pointId=170&priceListId=13&searchString=X1016836 "HTTP/1.1 200 OK"
2026-06-20 16:14:36,585 INFO httpx HTTP Request: GET https://api.sbis.ru/retail/v2/nomenclature/list?withBalance=true&page=0&pageSize=100&pointId=170&priceListId=13&searchString=X1376210 "HTTP/1.1 200 OK"
2026-06-20 16:14:36,635 INFO httpx HTTP Request: GET https://api.sbis.ru/retail/v2/nomenclature/list?withBalance=true&page=0&pageSize=100&pointId=170&priceListId=13&searchString=X1930568 "HTTP/1.1 200 OK"
2026-06-20 16:14:36,636 INFO httpx HTTP Request: GET https://api.sbis.ru/retail/v2/nomenclature/list?withBalance=true&page=0&pageSize=100&pointId=170&priceListId=13&searchString=X148307 "HTTP/1.1 200 OK"
2026-06-20 16:14:36,636 INFO httpx HTTP Request: GET https://api.sbis.ru/retail/v2/nomenclature/list?withBalance=true&page=0&pageSize=100&pointId=170&priceListId=13&searchString=X1544116 "HTTP/1.1 200 OK"
2026-06-20 16:14:36,681 INFO httpx HTTP Request: GET https://api.sbis.ru/retail/v2/nomenclature/list?withBalance=true&page=0&pageSize=100&pointId=170&priceListId=13&searchString=X2013503 "HTTP/1.1 200 OK"
2026-06-20 16:14:36,682 INFO httpx HTTP Request: GET https://api.sbis.ru/retail/v2/nomenclature/list?withBalance=true&page=0&pageSize=100&pointId=170&priceListId=13&searchString=X1323944 "HTTP/1.1 200 OK"
2026-06-20 16:14:36,682 INFO httpx HTTP Request: GET https://api.sbis.ru/retail/v2/nomenclature/list?withBalance=true&page=0&pageSize=100&pointId=170&priceListId=13&searchString=X1196834 "HTTP/1.1 200 OK"
2026-06-20 16:14:36,734 INFO httpx HTTP Request: GET https://api.sbis.ru/retail/v2/nomenclature/list?withBalance=true&page=0&pageSize=100&pointId=170&priceListId=13&searchString=X1434152 "HTTP/1.1 200 OK"
2026-06-20 16:14:36,764 INFO httpx HTTP Request: GET https://api.sbis.ru/retail/v2/nomenclature/list?withBalance=true&page=0&pageSize=100&pointId=170&priceListId=13&searchString=X1889458 "HTTP/1.1 200 OK"
2026-06-20 16:14:37,393 INFO httpx HTTP Request: GET https://api.sbis.ru/retail/v2/nomenclature/list?withBalance=true&page=0&pageSize=100&pointId=170&priceListId=13&searchString=X2625104 "HTTP/1.1 200 OK"
2026-06-20 16:14:37,426 INFO httpx HTTP Request: GET https://api.sbis.ru/retail/v2/nomenclature/list?withBalance=true&page=0&pageSize=100&pointId=170&priceListId=13&searchString=X2087717 "HTTP/1.1 200 OK"
2026-06-20 16:14:37,427 INFO httpx HTTP Request: GET https://api.sbis.ru/retail/v2/nomenclature/list?withBalance=true&page=0&pageSize=100&pointId=170&priceListId=13&searchString=X2045044 "HTTP/1.1 200 OK"
2026-06-20 16:14:37,460 INFO httpx HTTP Request: GET https://api.sbis.ru/retail/v2/nomenclature/list?withBalance=true&page=0&pageSize=100&pointId=170&priceListId=13&searchString=X2344308 "HTTP/1.1 200 OK"
2026-06-20 16:14:37,461 INFO httpx HTTP Request: GET https://api.sbis.ru/retail/v2/nomenclature/list?withBalance=true&page=0&pageSize=100&pointId=170&priceListId=13&searchString=X2681527 "HTTP/1.1 200 OK"
2026-06-20 16:14:37,461 INFO httpx HTTP Request: GET https://api.sbis.ru/retail/v2/nomenclature/list?withBalance=true&page=0&pageSize=100&pointId=170&priceListId=13&searchString=X30847 "HTTP/1.1 200 OK"
2026-06-20 16:14:37,497 INFO httpx HTTP Request: GET https://api.sbis.ru/retail/v2/nomenclature/list?withBalance=true&page=0&pageSize=100&pointId=170&priceListId=13&searchString=X2844023 "HTTP/1.1 200 OK"
2026-06-20 16:14:37,498 INFO httpx HTTP Request: GET https://api.sbis.ru/retail/v2/nomenclature/list?withBalance=true&page=0&pageSize=100&pointId=170&priceListId=13&searchString=X256742 "HTTP/1.1 200 OK"
2026-06-20 16:14:37,498 INFO httpx HTTP Request: GET https://api.sbis.ru/retail/v2/nomenclature/list?withBalance=true&page=0&pageSize=100&pointId=170&priceListId=13&searchString=X2272676 "HTTP/1.1 200 OK"
2026-06-20 16:14:37,499 INFO httpx HTTP Request: GET https://api.sbis.ru/retail/v2/nomenclature/list?withBalance=true&page=0&pageSize=100&pointId=170&priceListId=13&searchString=X2957126 "HTTP/1.1 200 OK"
2026-06-20 16:14:38,160 INFO httpx HTTP Request: GET https://api.sbis.ru/retail/v2/nomenclature/list?withBalance=true&page=0&pageSize=100&pointId=170&priceListId=13&searchString=X3166124 "HTTP/1.1 200 OK"
2026-06-20 16:14:38,232 INFO httpx HTTP Request: GET https://api.sbis.ru/retail/v2/nomenclature/list?withBalance=true&page=0&pageSize=100&pointId=170&priceListId=13&searchString=X3489158 "HTTP/1.1 200 OK"
2026-06-20 16:14:38,233 INFO httpx HTTP Request: GET https://api.sbis.ru/retail/v2/nomenclature/list?withBalance=true&page=0&pageSize=100&pointId=170&priceListId=13&searchString=X3488707 "HTTP/1.1 200 OK"
2026-06-20 16:14:38,269 INFO httpx HTTP Request: GET https://api.sbis.ru/retail/v2/nomenclature/list?withBalance=true&page=0&pageSize=100&pointId=170&priceListId=13&searchString=X3454000 "HTTP/1.1 200 OK"
2026-06-20 16:14:38,270 INFO httpx HTTP Request: GET https://api.sbis.ru/retail/v2/nomenclature/list?withBalance=true&page=0&pageSize=100&pointId=170&priceListId=13&searchString=X384693 "HTTP/1.1 200 OK"
2026-06-20 16:14:38,270 INFO httpx HTTP Request: GET https://api.sbis.ru/retail/v2/nomenclature/list?withBalance=true&page=0&pageSize=100&pointId=170&priceListId=13&searchString=X3982883 "HTTP/1.1 200 OK"
2026-06-20 16:14:38,271 INFO httpx HTTP Request: GET https://api.sbis.ru/retail/v2/nomenclature/list?withBalance=true&page=0&pageSize=100&pointId=170&priceListId=13&searchString=X4250003 "HTTP/1.1 200 OK"
2026-06-20 16:14:38,271 INFO httpx HTTP Request: GET https://api.sbis.ru/retail/v2/nomenclature/list?withBalance=true&page=0&pageSize=100&pointId=170&priceListId=13&searchString=X317557 "HTTP/1.1 200 OK"
2026-06-20 16:14:38,272 INFO httpx HTTP Request: GET https://api.sbis.ru/retail/v2/nomenclature/list?withBalance=true&page=0&pageSize=100&pointId=170&priceListId=13&searchString=X429454 "HTTP/1.1 200 OK"
2026-06-20 16:14:38,273 INFO httpx HTTP Request: GET https://api.sbis.ru/retail/v2/nomenclature/list?withBalance=true&page=0&pageSize=100&pointId=170&priceListId=13&searchString=X4152753 "HTTP/1.1 200 OK"
2026-06-20 16:14:38,944 INFO httpx HTTP Request: GET https://api.sbis.ru/retail/v2/nomenclature/list?withBalance=true&page=0&pageSize=100&pointId=170&priceListId=13&searchString=X4375504 "HTTP/1.1 200 OK"
2026-06-20 16:14:38,946 INFO httpx HTTP Request: GET https://api.sbis.ru/retail/v2/nomenclature/list?withBalance=true&page=0&pageSize=100&pointId=170&priceListId=13&searchString=X448088 "HTTP/1.1 200 OK"
2026-06-20 16:14:39,022 INFO httpx HTTP Request: GET https://api.sbis.ru/retail/v2/nomenclature/list?withBalance=true&page=0&pageSize=100&pointId=170&priceListId=13&searchString=X4524339 "HTTP/1.1 200 OK"
2026-06-20 16:14:39,041 INFO httpx HTTP Request: GET https://api.sbis.ru/retail/v2/nomenclature/list?withBalance=true&page=0&pageSize=100&pointId=170&priceListId=13&searchString=X5364562 "HTTP/1.1 200 OK"
2026-06-20 16:14:39,057 INFO httpx HTTP Request: GET https://api.sbis.ru/retail/v2/nomenclature/list?withBalance=true&page=0&pageSize=100&pointId=170&priceListId=13&searchString=X5055339 "HTTP/1.1 200 OK"
2026-06-20 16:14:39,075 INFO httpx HTTP Request: GET https://api.sbis.ru/retail/v2/nomenclature/list?withBalance=true&page=0&pageSize=100&pointId=170&priceListId=13&searchString=X4864317 "HTTP/1.1 200 OK"
2026-06-20 16:14:39,088 INFO httpx HTTP Request: GET https://api.sbis.ru/retail/v2/nomenclature/list?withBalance=true&page=0&pageSize=100&pointId=170&priceListId=13&searchString=X5241077 "HTTP/1.1 200 OK"
2026-06-20 16:14:39,089 INFO httpx HTTP Request: GET https://api.sbis.ru/retail/v2/nomenclature/list?withBalance=true&page=0&pageSize=100&pointId=170&priceListId=13&searchString=X5334605 "HTTP/1.1 200 OK"
2026-06-20 16:14:39,090 INFO httpx HTTP Request: GET https://api.sbis.ru/retail/v2/nomenclature/list?withBalance=true&page=0&pageSize=100&pointId=170&priceListId=13&searchString=X5239777 "HTTP/1.1 200 OK"
2026-06-20 16:14:39,140 INFO httpx HTTP Request: GET https://api.sbis.ru/retail/v2/nomenclature/list?withBalance=true&page=0&pageSize=100&pointId=170&priceListId=13&searchString=X554545 "HTTP/1.1 200 OK"
2026-06-20 16:14:39,686 INFO httpx HTTP Request: GET https://api.sbis.ru/retail/v2/nomenclature/list?withBalance=true&page=0&pageSize=100&pointId=170&priceListId=13&searchString=X5877346 "HTTP/1.1 200 OK"
2026-06-20 16:14:39,722 INFO httpx HTTP Request: GET https://api.sbis.ru/retail/v2/nomenclature/list?withBalance=true&page=0&pageSize=100&pointId=170&priceListId=13&searchString=X572024 "HTTP/1.1 200 OK"
2026-06-20 16:14:39,751 INFO httpx HTTP Request: GET https://api.sbis.ru/retail/v2/nomenclature/list?withBalance=true&page=0&pageSize=100&pointId=170&priceListId=13&searchString=X5998076 "HTTP/1.1 200 OK"
2026-06-20 16:14:39,768 INFO httpx HTTP Request: GET https://api.sbis.ru/retail/v2/nomenclature/list?withBalance=true&page=0&pageSize=100&pointId=170&priceListId=13&searchString=X5997691 "HTTP/1.1 200 OK"
2026-06-20 16:14:39,768 INFO httpx HTTP Request: GET https://api.sbis.ru/retail/v2/nomenclature/list?withBalance=true&page=0&pageSize=100&pointId=170&priceListId=13&searchString=X607503 "HTTP/1.1 200 OK"
2026-06-20 16:14:39,799 INFO httpx HTTP Request: GET https://api.sbis.ru/retail/v2/nomenclature/list?withBalance=true&page=0&pageSize=100&pointId=170&priceListId=13&searchString=X6333835 "HTTP/1.1 200 OK"
2026-06-20 16:14:39,800 INFO httpx HTTP Request: GET https://api.sbis.ru/retail/v2/nomenclature/list?withBalance=true&page=0&pageSize=100&pointId=170&priceListId=13&searchString=X6181860 "HTTP/1.1 200 OK"
2026-06-20 16:14:39,825 INFO httpx HTTP Request: GET https://api.sbis.ru/retail/v2/nomenclature/list?withBalance=true&page=0&pageSize=100&pointId=170&priceListId=13&searchString=X6386869 "HTTP/1.1 200 OK"
2026-06-20 16:14:39,826 INFO httpx HTTP Request: GET https://api.sbis.ru/retail/v2/nomenclature/list?withBalance=true&page=0&pageSize=100&pointId=170&priceListId=13&searchString=X6353582 "HTTP/1.1 200 OK"
2026-06-20 16:14:39,859 INFO httpx HTTP Request: GET https://api.sbis.ru/retail/v2/nomenclature/list?withBalance=true&page=0&pageSize=100&pointId=170&priceListId=13&searchString=X6228021 "HTTP/1.1 200 OK"
2026-06-20 16:14:40,386 INFO httpx HTTP Request: GET https://api.sbis.ru/retail/v2/nomenclature/list?withBalance=true&page=0&pageSize=100&pointId=170&priceListId=13&searchString=X6401232 "HTTP/1.1 200 OK"
2026-06-20 16:14:40,462 INFO httpx HTTP Request: GET https://api.sbis.ru/retail/v2/nomenclature/list?withBalance=true&page=0&pageSize=100&pointId=170&priceListId=13&searchString=X6464844 "HTTP/1.1 200 OK"
2026-06-20 16:14:40,487 INFO httpx HTTP Request: GET https://api.sbis.ru/retail/v2/nomenclature/list?withBalance=true&page=0&pageSize=100&pointId=170&priceListId=13&searchString=X6503678 "HTTP/1.1 200 OK"
2026-06-20 16:14:40,514 INFO httpx HTTP Request: GET https://api.sbis.ru/retail/v2/nomenclature/list?withBalance=true&page=0&pageSize=100&pointId=170&priceListId=13&searchString=X6608068 "HTTP/1.1 200 OK"
2026-06-20 16:14:40,530 INFO httpx HTTP Request: GET https://api.sbis.ru/retail/v2/nomenclature/list?withBalance=true&page=0&pageSize=100&pointId=170&priceListId=13&searchString=X6578043 "HTTP/1.1 200 OK"
2026-06-20 16:14:40,547 INFO httpx HTTP Request: GET https://api.sbis.ru/retail/v2/nomenclature/list?withBalance=true&page=0&pageSize=100&pointId=170&priceListId=13&searchString=X6437665 "HTTP/1.1 200 OK"
2026-06-20 16:14:40,548 INFO httpx HTTP Request: GET https://api.sbis.ru/retail/v2/nomenclature/list?withBalance=true&page=0&pageSize=100&pointId=170&priceListId=13&searchString=X74133 "HTTP/1.1 200 OK"
2026-06-20 16:14:40,575 INFO httpx HTTP Request: GET https://api.sbis.ru/retail/v2/nomenclature/list?withBalance=true&page=0&pageSize=100&pointId=170&priceListId=13&searchString=X7130629 "HTTP/1.1 200 OK"
2026-06-20 16:14:40,590 INFO httpx HTTP Request: GET https://api.sbis.ru/retail/v2/nomenclature/list?withBalance=true&page=0&pageSize=100&pointId=170&priceListId=13&searchString=X7226503 "HTTP/1.1 200 OK"
2026-06-20 16:14:40,597 INFO httpx HTTP Request: GET https://api.sbis.ru/retail/v2/nomenclature/list?withBalance=true&page=0&pageSize=100&pointId=170&priceListId=13&searchString=X6729114 "HTTP/1.1 200 OK"
2026-06-20 16:14:41,134 INFO httpx HTTP Request: GET https://api.sbis.ru/retail/v2/nomenclature/list?withBalance=true&page=0&pageSize=100&pointId=170&priceListId=13&searchString=X7478640 "HTTP/1.1 200 OK"
2026-06-20 16:14:41,161 INFO httpx HTTP Request: GET https://api.sbis.ru/retail/v2/nomenclature/list?withBalance=true&page=0&pageSize=100&pointId=170&priceListId=13&searchString=X7509948 "HTTP/1.1 200 OK"
2026-06-20 16:14:41,211 INFO httpx HTTP Request: GET https://api.sbis.ru/retail/v2/nomenclature/list?withBalance=true&page=0&pageSize=100&pointId=170&priceListId=13&searchString=X7551710 "HTTP/1.1 200 OK"
2026-06-20 16:14:41,228 INFO httpx HTTP Request: GET https://api.sbis.ru/retail/v2/nomenclature/list?withBalance=true&page=0&pageSize=100&pointId=170&priceListId=13&searchString=X7596816 "HTTP/1.1 200 OK"
2026-06-20 16:14:41,249 INFO httpx HTTP Request: GET https://api.sbis.ru/retail/v2/nomenclature/list?withBalance=true&page=0&pageSize=100&pointId=170&priceListId=13&searchString=X7640022 "HTTP/1.1 200 OK"
2026-06-20 16:14:41,269 INFO httpx HTTP Request: GET https://api.sbis.ru/retail/v2/nomenclature/list?withBalance=true&page=0&pageSize=100&pointId=170&priceListId=13&searchString=X7584433 "HTTP/1.1 200 OK"
2026-06-20 16:14:41,286 INFO httpx HTTP Request: GET https://api.sbis.ru/retail/v2/nomenclature/list?withBalance=true&page=0&pageSize=100&pointId=170&priceListId=13&searchString=X7659478 "HTTP/1.1 200 OK"
2026-06-20 16:14:41,286 INFO httpx HTTP Request: GET https://api.sbis.ru/retail/v2/nomenclature/list?withBalance=true&page=0&pageSize=100&pointId=170&priceListId=13&searchString=X7702945 "HTTP/1.1 200 OK"
2026-06-20 16:14:41,316 INFO httpx HTTP Request: GET https://api.sbis.ru/retail/v2/nomenclature/list?withBalance=true&page=0&pageSize=100&pointId=170&priceListId=13&searchString=X7840533 "HTTP/1.1 200 OK"
2026-06-20 16:14:41,317 INFO httpx HTTP Request: GET https://api.sbis.ru/retail/v2/nomenclature/list?withBalance=true&page=0&pageSize=100&pointId=170&priceListId=13&searchString=X7922240 "HTTP/1.1 200 OK"
2026-06-20 16:14:41,881 INFO httpx HTTP Request: GET https://api.sbis.ru/retail/v2/nomenclature/list?withBalance=true&page=0&pageSize=100&pointId=170&priceListId=13&searchString=X7998115 "HTTP/1.1 200 OK"
2026-06-20 16:14:41,915 INFO httpx HTTP Request: GET https://api.sbis.ru/retail/v2/nomenclature/list?withBalance=true&page=0&pageSize=100&pointId=170&priceListId=13&searchString=X7971619 "HTTP/1.1 200 OK"
2026-06-20 16:14:41,936 INFO httpx HTTP Request: GET https://api.sbis.ru/retail/v2/nomenclature/list?withBalance=true&page=0&pageSize=100&pointId=170&priceListId=13&searchString=X8081831 "HTTP/1.1 200 OK"
2026-06-20 16:14:41,937 INFO httpx HTTP Request: GET https://api.sbis.ru/retail/v2/nomenclature/list?withBalance=true&page=0&pageSize=100&pointId=170&priceListId=13&searchString=X8026576 "HTTP/1.1 200 OK"
2026-06-20 16:14:41,968 INFO httpx HTTP Request: GET https://api.sbis.ru/retail/v2/nomenclature/list?withBalance=true&page=0&pageSize=100&pointId=170&priceListId=13&searchString=X807153 "HTTP/1.1 200 OK"
2026-06-20 16:14:41,969 INFO httpx HTTP Request: GET https://api.sbis.ru/retail/v2/nomenclature/list?withBalance=true&page=0&pageSize=100&pointId=170&priceListId=13&searchString=X8035317 "HTTP/1.1 200 OK"
2026-06-20 16:14:42,027 INFO httpx HTTP Request: GET https://api.sbis.ru/retail/v2/nomenclature/list?withBalance=true&page=0&pageSize=100&pointId=170&priceListId=13&searchString=X8248484 "HTTP/1.1 200 OK"
2026-06-20 16:14:42,028 INFO httpx HTTP Request: GET https://api.sbis.ru/retail/v2/nomenclature/list?withBalance=true&page=0&pageSize=100&pointId=170&priceListId=13&searchString=X8249791 "HTTP/1.1 200 OK"
2026-06-20 16:14:42,070 INFO httpx HTTP Request: GET https://api.sbis.ru/retail/v2/nomenclature/list?withBalance=true&page=0&pageSize=100&pointId=170&priceListId=13&searchString=X8177837 "HTTP/1.1 200 OK"
2026-06-20 16:14:42,084 INFO httpx HTTP Request: GET https://api.sbis.ru/retail/v2/nomenclature/list?withBalance=true&page=0&pageSize=100&pointId=170&priceListId=13&searchString=X8124430 "HTTP/1.1 200 OK"
2026-06-20 16:14:42,632 INFO httpx HTTP Request: GET https://api.sbis.ru/retail/v2/nomenclature/list?withBalance=true&page=0&pageSize=100&pointId=170&priceListId=13&searchString=X8313761 "HTTP/1.1 200 OK"
2026-06-20 16:14:42,662 INFO httpx HTTP Request: GET https://api.sbis.ru/retail/v2/nomenclature/list?withBalance=true&page=0&pageSize=100&pointId=170&priceListId=13&searchString=X8656949 "HTTP/1.1 200 OK"
2026-06-20 16:14:42,664 INFO httpx HTTP Request: GET https://api.sbis.ru/retail/v2/nomenclature/list?withBalance=true&page=0&pageSize=100&pointId=170&priceListId=13&searchString=X8399051 "HTTP/1.1 200 OK"
2026-06-20 16:14:42,700 INFO httpx HTTP Request: GET https://api.sbis.ru/retail/v2/nomenclature/list?withBalance=true&page=0&pageSize=100&pointId=170&priceListId=13&searchString=X8721250 "HTTP/1.1 200 OK"
2026-06-20 16:14:42,701 INFO httpx HTTP Request: GET https://api.sbis.ru/retail/v2/nomenclature/list?withBalance=true&page=0&pageSize=100&pointId=170&priceListId=13&searchString=X8358934 "HTTP/1.1 200 OK"
2026-06-20 16:14:42,701 INFO httpx HTTP Request: GET https://api.sbis.ru/retail/v2/nomenclature/list?withBalance=true&page=0&pageSize=100&pointId=170&priceListId=13&searchString=X8700663 "HTTP/1.1 200 OK"
2026-06-20 16:14:42,740 INFO httpx HTTP Request: GET https://api.sbis.ru/retail/v2/nomenclature/list?withBalance=true&page=0&pageSize=100&pointId=170&priceListId=13&searchString=X8765407 "HTTP/1.1 200 OK"
2026-06-20 16:14:42,741 INFO httpx HTTP Request: GET https://api.sbis.ru/retail/v2/nomenclature/list?withBalance=true&page=0&pageSize=100&pointId=170&priceListId=13&searchString=X8744110 "HTTP/1.1 200 OK"
2026-06-20 16:14:42,776 INFO httpx HTTP Request: GET https://api.sbis.ru/retail/v2/nomenclature/list?withBalance=true&page=0&pageSize=100&pointId=170&priceListId=13&searchString=X8783690 "HTTP/1.1 200 OK"
2026-06-20 16:14:42,803 INFO httpx HTTP Request: GET https://api.sbis.ru/retail/v2/nomenclature/list?withBalance=true&page=0&pageSize=100&pointId=170&priceListId=13&searchString=X8810846 "HTTP/1.1 200 OK"
2026-06-20 16:14:43,358 INFO httpx HTTP Request: GET https://api.sbis.ru/retail/v2/nomenclature/list?withBalance=true&page=0&pageSize=100&pointId=170&priceListId=13&searchString=X8849526 "HTTP/1.1 200 OK"
2026-06-20 16:14:43,431 INFO httpx HTTP Request: GET https://api.sbis.ru/retail/v2/nomenclature/list?withBalance=true&page=0&pageSize=100&pointId=170&priceListId=13&searchString=X9260806 "HTTP/1.1 200 OK"
2026-06-20 16:14:43,439 INFO httpx HTTP Request: GET https://api.sbis.ru/retail/v2/nomenclature/list?withBalance=true&page=0&pageSize=100&pointId=170&priceListId=13&searchString=X9502404 "HTTP/1.1 200 OK"
2026-06-20 16:14:43,442 INFO httpx HTTP Request: GET https://api.sbis.ru/retail/v2/nomenclature/list?withBalance=true&page=0&pageSize=100&pointId=170&priceListId=13&searchString=X9847596 "HTTP/1.1 200 OK"
2026-06-20 16:14:43,443 INFO httpx HTTP Request: GET https://api.sbis.ru/retail/v2/nomenclature/list?withBalance=true&page=0&pageSize=100&pointId=170&priceListId=13&searchString=X9766737 "HTTP/1.1 200 OK"
2026-06-20 16:14:43,446 INFO httpx HTTP Request: GET https://api.sbis.ru/retail/v2/nomenclature/list?withBalance=true&page=0&pageSize=100&pointId=170&priceListId=13&searchString=X9285091 "HTTP/1.1 200 OK"
2026-06-20 16:14:43,449 INFO httpx HTTP Request: GET https://api.sbis.ru/retail/v2/nomenclature/list?withBalance=true&page=0&pageSize=100&pointId=170&priceListId=13&searchString=X9627238 "HTTP/1.1 200 OK"
2026-06-20 16:14:43,452 INFO httpx HTTP Request: GET https://api.sbis.ru/retail/v2/nomenclature/list?withBalance=true&page=0&pageSize=100&pointId=170&priceListId=13&searchString=X9541106 "HTTP/1.1 200 OK"
2026-06-20 16:14:43,640 INFO src.backend.app.services.orchestrator sync_run completed
2026-06-20 16:14:46,504 INFO httpx HTTP Request: GET https://api.sbis.ru/retail/order/list?fromDateTime=2026-04-01+00%3A00%3A00&page=0&pageSize=200&toDateTime=2026-05-01+00%3A00%3A00&pointId=170 "HTTP/1.1 200 OK"
2026-06-20 16:14:49,080 INFO httpx HTTP Request: GET https://api.sbis.ru/retail/order/list?fromDateTime=2026-05-01+00%3A00%3A00&page=0&pageSize=200&toDateTime=2026-06-01+00%3A00%3A00&pointId=170 "HTTP/1.1 200 OK"
2026-06-20 16:14:51,804 INFO httpx HTTP Request: GET https://api.sbis.ru/retail/order/list?fromDateTime=2026-06-01+00%3A00%3A00&page=0&pageSize=200&toDateTime=2026-07-01+00%3A00%3A00&pointId=170 "HTTP/1.1 200 OK"
2026-06-20 16:14:52,026 INFO src.backend.app.services.orchestrator sync_run completed
2026-06-20 16:24:13,599 INFO watchfiles.main 1 change detected
2026-06-20 16:24:13,963 INFO watchfiles.main 4 changes detected
2026-06-20 16:27:59,405 INFO watchfiles.main 1 change detected
2026-06-20 16:28:00,839 INFO httpx HTTP Request: POST https://online.sbis.ru/oauth/service/ "HTTP/1.1 200 OK"
2026-06-20 16:28:01,879 INFO httpx HTTP Request: GET https://api.sbis.ru/retail/point/list?product=retail&page=0&pageSize=200 "HTTP/1.1 200 OK"
2026-06-20 16:28:02,517 INFO httpx HTTP Request: GET https://api.sbis.ru/retail/nomenclature/price-list?page=0&pageSize=100&pointId=241&actualDate=2026-06-20 "HTTP/1.1 200 OK"
2026-06-20 16:28:02,519 INFO httpx HTTP Request: GET https://api.sbis.ru/retail/nomenclature/price-list?page=0&pageSize=100&pointId=25042&actualDate=2026-06-20 "HTTP/1.1 200 OK"
2026-06-20 16:28:02,521 INFO httpx HTTP Request: GET https://api.sbis.ru/retail/nomenclature/price-list?page=0&pageSize=100&pointId=20268&actualDate=2026-06-20 "HTTP/1.1 200 OK"
2026-06-20 16:28:02,522 INFO httpx HTTP Request: GET https://api.sbis.ru/retail/nomenclature/price-list?page=0&pageSize=100&pointId=204&actualDate=2026-06-20 "HTTP/1.1 200 OK"
2026-06-20 16:28:02,543 INFO httpx HTTP Request: GET https://api.sbis.ru/retail/nomenclature/price-list?page=0&pageSize=100&pointId=170&actualDate=2026-06-20 "HTTP/1.1 200 OK"
2026-06-20 16:28:02,572 INFO httpx HTTP Request: GET https://api.sbis.ru/retail/nomenclature/price-list?page=0&pageSize=100&pointId=2116&actualDate=2026-06-20 "HTTP/1.1 200 OK"
2026-06-20 16:28:02,576 INFO httpx HTTP Request: GET https://api.sbis.ru/retail/nomenclature/price-list?page=0&pageSize=100&pointId=3900&actualDate=2026-06-20 "HTTP/1.1 200 OK"
2026-06-20 16:28:02,657 INFO src.backend.app.services.orchestrator sync_run completed
2026-06-20 16:28:04,944 INFO httpx HTTP Request: GET https://api.sbis.ru/retail/v2/nomenclature/list?withBalance=true&page=0&pageSize=500&pointId=170&priceListId=13 "HTTP/1.1 200 OK"
2026-06-20 16:28:05,080 WARNING src.backend.app.ingestion.stock Skipping stock row with invalid payload for store 170: None
2026-06-20 16:28:05,081 WARNING src.backend.app.ingestion.stock Skipping stock row with invalid payload for store 170: None
2026-06-20 16:28:05,081 WARNING src.backend.app.ingestion.stock Skipping stock row with invalid payload for store 170: None
2026-06-20 16:28:05,084 WARNING src.backend.app.ingestion.stock Skipping stock row with invalid payload for store 170: None
2026-06-20 16:28:05,084 WARNING src.backend.app.ingestion.stock Skipping stock row with invalid payload for store 170: None
2026-06-20 16:28:05,085 WARNING src.backend.app.ingestion.stock Skipping stock row with invalid payload for store 170: None
2026-06-20 16:28:05,085 WARNING src.backend.app.ingestion.stock Skipping stock row with invalid payload for store 170: None
2026-06-20 16:28:05,962 INFO watchfiles.main 1 change detected
2026-06-20 16:28:07,220 INFO httpx HTTP Request: POST https://online.sbis.ru/oauth/service/ "HTTP/1.1 200 OK"
2026-06-20 16:28:08,101 INFO httpx HTTP Request: GET https://api.sbis.ru/retail/point/list?product=retail&page=0&pageSize=200 "HTTP/1.1 200 OK"
2026-06-20 16:28:08,737 INFO httpx HTTP Request: GET https://api.sbis.ru/retail/nomenclature/price-list?page=0&pageSize=100&pointId=241&actualDate=2026-06-20 "HTTP/1.1 200 OK"
2026-06-20 16:28:08,739 INFO httpx HTTP Request: GET https://api.sbis.ru/retail/nomenclature/price-list?page=0&pageSize=100&pointId=20268&actualDate=2026-06-20 "HTTP/1.1 200 OK"
2026-06-20 16:28:08,756 INFO httpx HTTP Request: GET https://api.sbis.ru/retail/nomenclature/price-list?page=0&pageSize=100&pointId=2116&actualDate=2026-06-20 "HTTP/1.1 200 OK"
2026-06-20 16:28:08,768 INFO httpx HTTP Request: GET https://api.sbis.ru/retail/nomenclature/price-list?page=0&pageSize=100&pointId=25042&actualDate=2026-06-20 "HTTP/1.1 200 OK"
2026-06-20 16:28:08,769 INFO httpx HTTP Request: GET https://api.sbis.ru/retail/nomenclature/price-list?page=0&pageSize=100&pointId=204&actualDate=2026-06-20 "HTTP/1.1 200 OK"
2026-06-20 16:28:08,770 INFO httpx HTTP Request: GET https://api.sbis.ru/retail/nomenclature/price-list?page=0&pageSize=100&pointId=170&actualDate=2026-06-20 "HTTP/1.1 200 OK"
2026-06-20 16:28:08,798 INFO httpx HTTP Request: GET https://api.sbis.ru/retail/nomenclature/price-list?page=0&pageSize=100&pointId=3900&actualDate=2026-06-20 "HTTP/1.1 200 OK"
2026-06-20 16:28:08,855 INFO src.backend.app.services.orchestrator sync_run completed
2026-06-20 16:28:10,937 INFO httpx HTTP Request: GET https://api.sbis.ru/retail/v2/nomenclature/list?withBalance=true&page=0&pageSize=500&pointId=170&priceListId=13 "HTTP/1.1 200 OK"
2026-06-20 16:28:11,151 WARNING src.backend.app.ingestion.stock Skipping stock row with invalid payload for store 170: None
2026-06-20 16:28:11,152 WARNING src.backend.app.ingestion.stock Skipping stock row with invalid payload for store 170: None
2026-06-20 16:28:11,152 WARNING src.backend.app.ingestion.stock Skipping stock row with invalid payload for store 170: None
2026-06-20 16:28:11,154 WARNING src.backend.app.ingestion.stock Skipping stock row with invalid payload for store 170: None
2026-06-20 16:28:11,155 WARNING src.backend.app.ingestion.stock Skipping stock row with invalid payload for store 170: None
2026-06-20 16:28:11,155 WARNING src.backend.app.ingestion.stock Skipping stock row with invalid payload for store 170: None
2026-06-20 16:28:11,156 WARNING src.backend.app.ingestion.stock Skipping stock row with invalid payload for store 170: None
2026-06-20 16:28:11,758 INFO watchfiles.main 1 change detected
2026-06-20 16:28:13,106 INFO httpx HTTP Request: POST https://online.sbis.ru/oauth/service/ "HTTP/1.1 200 OK"
2026-06-20 16:28:13,223 INFO watchfiles.main 1 change detected
2026-06-20 16:28:15,336 INFO httpx HTTP Request: POST https://online.sbis.ru/oauth/service/ "HTTP/1.1 200 OK"
2026-06-20 16:28:16,262 INFO httpx HTTP Request: GET https://api.sbis.ru/retail/point/list?product=retail&page=0&pageSize=200 "HTTP/1.1 200 OK"
2026-06-20 16:28:16,298 INFO watchfiles.main 1 change detected
2026-06-20 16:28:17,583 INFO httpx HTTP Request: POST https://online.sbis.ru/oauth/service/ "HTTP/1.1 200 OK"
2026-06-20 16:28:18,417 INFO httpx HTTP Request: GET https://api.sbis.ru/retail/point/list?product=retail&page=0&pageSize=200 "HTTP/1.1 200 OK"
2026-06-20 16:28:19,060 INFO httpx HTTP Request: GET https://api.sbis.ru/retail/nomenclature/price-list?page=0&pageSize=100&pointId=3900&actualDate=2026-06-20 "HTTP/1.1 200 OK"
2026-06-20 16:28:19,062 INFO httpx HTTP Request: GET https://api.sbis.ru/retail/nomenclature/price-list?page=0&pageSize=100&pointId=25042&actualDate=2026-06-20 "HTTP/1.1 200 OK"
2026-06-20 16:28:19,077 INFO httpx HTTP Request: GET https://api.sbis.ru/retail/nomenclature/price-list?page=0&pageSize=100&pointId=20268&actualDate=2026-06-20 "HTTP/1.1 200 OK"
2026-06-20 16:28:19,087 INFO httpx HTTP Request: GET https://api.sbis.ru/retail/nomenclature/price-list?page=0&pageSize=100&pointId=241&actualDate=2026-06-20 "HTTP/1.1 200 OK"
2026-06-20 16:28:19,089 INFO httpx HTTP Request: GET https://api.sbis.ru/retail/nomenclature/price-list?page=0&pageSize=100&pointId=204&actualDate=2026-06-20 "HTTP/1.1 200 OK"
2026-06-20 16:28:19,116 INFO httpx HTTP Request: GET https://api.sbis.ru/retail/nomenclature/price-list?page=0&pageSize=100&pointId=2116&actualDate=2026-06-20 "HTTP/1.1 200 OK"
2026-06-20 16:28:19,117 INFO httpx HTTP Request: GET https://api.sbis.ru/retail/nomenclature/price-list?page=0&pageSize=100&pointId=170&actualDate=2026-06-20 "HTTP/1.1 200 OK"
2026-06-20 16:28:19,178 INFO src.backend.app.services.orchestrator sync_run completed
2026-06-20 16:28:21,069 INFO watchfiles.main 1 change detected
2026-06-20 16:28:21,072 INFO httpx HTTP Request: GET https://api.sbis.ru/retail/v2/nomenclature/list?withBalance=true&page=0&pageSize=500&pointId=170&priceListId=13 "HTTP/1.1 200 OK"
2026-06-20 16:28:22,334 INFO httpx HTTP Request: POST https://online.sbis.ru/oauth/service/ "HTTP/1.1 200 OK"
2026-06-20 16:28:23,167 INFO httpx HTTP Request: GET https://api.sbis.ru/retail/point/list?product=retail&page=0&pageSize=200 "HTTP/1.1 200 OK"
2026-06-20 16:28:23,805 INFO httpx HTTP Request: GET https://api.sbis.ru/retail/nomenclature/price-list?page=0&pageSize=100&pointId=170&actualDate=2026-06-20 "HTTP/1.1 200 OK"
2026-06-20 16:28:23,807 INFO httpx HTTP Request: GET https://api.sbis.ru/retail/nomenclature/price-list?page=0&pageSize=100&pointId=2116&actualDate=2026-06-20 "HTTP/1.1 200 OK"
2026-06-20 16:28:23,827 INFO httpx HTTP Request: GET https://api.sbis.ru/retail/nomenclature/price-list?page=0&pageSize=100&pointId=241&actualDate=2026-06-20 "HTTP/1.1 200 OK"
2026-06-20 16:28:23,830 INFO httpx HTTP Request: GET https://api.sbis.ru/retail/nomenclature/price-list?page=0&pageSize=100&pointId=25042&actualDate=2026-06-20 "HTTP/1.1 200 OK"
2026-06-20 16:28:23,832 INFO httpx HTTP Request: GET https://api.sbis.ru/retail/nomenclature/price-list?page=0&pageSize=100&pointId=3900&actualDate=2026-06-20 "HTTP/1.1 200 OK"
2026-06-20 16:28:23,835 INFO httpx HTTP Request: GET https://api.sbis.ru/retail/nomenclature/price-list?page=0&pageSize=100&pointId=204&actualDate=2026-06-20 "HTTP/1.1 200 OK"
2026-06-20 16:28:23,846 INFO httpx HTTP Request: GET https://api.sbis.ru/retail/nomenclature/price-list?page=0&pageSize=100&pointId=20268&actualDate=2026-06-20 "HTTP/1.1 200 OK"
2026-06-20 16:28:23,929 INFO src.backend.app.services.orchestrator sync_run completed
2026-06-20 16:28:25,989 INFO httpx HTTP Request: GET https://api.sbis.ru/retail/v2/nomenclature/list?withBalance=true&page=0&pageSize=500&pointId=170&priceListId=13 "HTTP/1.1 200 OK"
2026-06-20 16:28:26,203 WARNING src.backend.app.ingestion.stock Skipping stock row with invalid payload for store 170: None
2026-06-20 16:28:26,204 WARNING src.backend.app.ingestion.stock Skipping stock row with invalid payload for store 170: None
2026-06-20 16:28:26,204 WARNING src.backend.app.ingestion.stock Skipping stock row with invalid payload for store 170: None
2026-06-20 16:28:26,207 WARNING src.backend.app.ingestion.stock Skipping stock row with invalid payload for store 170: None
2026-06-20 16:28:26,207 WARNING src.backend.app.ingestion.stock Skipping stock row with invalid payload for store 170: None
2026-06-20 16:28:26,208 WARNING src.backend.app.ingestion.stock Skipping stock row with invalid payload for store 170: None
2026-06-20 16:28:26,208 WARNING src.backend.app.ingestion.stock Skipping stock row with invalid payload for store 170: None
2026-06-20 16:28:28,038 INFO httpx HTTP Request: GET https://api.sbis.ru/retail/v2/nomenclature/list?withBalance=true&page=1&pageSize=500&pointId=170&priceListId=13 "HTTP/1.1 200 OK"
2026-06-20 16:28:28,303 WARNING src.backend.app.ingestion.stock Skipping stock row with invalid payload for store 170: None
2026-06-20 16:28:28,305 WARNING src.backend.app.ingestion.stock Skipping stock row with invalid payload for store 170: None
2026-06-20 16:28:28,305 WARNING src.backend.app.ingestion.stock Skipping stock row with invalid payload for store 170: None
2026-06-20 16:28:28,308 WARNING src.backend.app.ingestion.stock Skipping stock row with invalid payload for store 170: None
2026-06-20 16:28:28,309 WARNING src.backend.app.ingestion.stock Skipping stock row with invalid payload for store 170: None
2026-06-20 16:28:29,040 INFO httpx HTTP Request: GET https://api.sbis.ru/retail/v2/nomenclature/list?withBalance=true&page=0&pageSize=100&pointId=170&priceListId=13&searchString=X1434152 "HTTP/1.1 200 OK"
2026-06-20 16:28:29,101 INFO httpx HTTP Request: GET https://api.sbis.ru/retail/v2/nomenclature/list?withBalance=true&page=0&pageSize=100&pointId=170&priceListId=13&searchString=X1196834 "HTTP/1.1 200 OK"
2026-06-20 16:28:29,121 INFO httpx HTTP Request: GET https://api.sbis.ru/retail/v2/nomenclature/list?withBalance=true&page=0&pageSize=100&pointId=170&priceListId=13&searchString=X148307 "HTTP/1.1 200 OK"
2026-06-20 16:28:29,159 INFO httpx HTTP Request: GET https://api.sbis.ru/retail/v2/nomenclature/list?withBalance=true&page=0&pageSize=100&pointId=170&priceListId=13&searchString=X1889458 "HTTP/1.1 200 OK"
2026-06-20 16:28:29,174 INFO httpx HTTP Request: GET https://api.sbis.ru/retail/v2/nomenclature/list?withBalance=true&page=0&pageSize=100&pointId=170&priceListId=13&searchString=X1544116 "HTTP/1.1 200 OK"
2026-06-20 16:28:29,174 INFO httpx HTTP Request: GET https://api.sbis.ru/retail/v2/nomenclature/list?withBalance=true&page=0&pageSize=100&pointId=170&priceListId=13&searchString=X1930568 "HTTP/1.1 200 OK"
2026-06-20 16:28:29,175 INFO httpx HTTP Request: GET https://api.sbis.ru/retail/v2/nomenclature/list?withBalance=true&page=0&pageSize=100&pointId=170&priceListId=13&searchString=X2013503 "HTTP/1.1 200 OK"
2026-06-20 16:28:29,213 INFO httpx HTTP Request: GET https://api.sbis.ru/retail/v2/nomenclature/list?withBalance=true&page=0&pageSize=100&pointId=170&priceListId=13&searchString=X1376210 "HTTP/1.1 200 OK"
2026-06-20 16:28:29,213 INFO httpx HTTP Request: GET https://api.sbis.ru/retail/v2/nomenclature/list?withBalance=true&page=0&pageSize=100&pointId=170&priceListId=13&searchString=X1323944 "HTTP/1.1 200 OK"
2026-06-20 16:28:29,213 INFO httpx HTTP Request: GET https://api.sbis.ru/retail/v2/nomenclature/list?withBalance=true&page=0&pageSize=100&pointId=170&priceListId=13&searchString=X1016836 "HTTP/1.1 200 OK"
2026-06-20 16:28:29,778 INFO httpx HTTP Request: GET https://api.sbis.ru/retail/v2/nomenclature/list?withBalance=true&page=0&pageSize=100&pointId=170&priceListId=13&searchString=X2087717 "HTTP/1.1 200 OK"
2026-06-20 16:28:29,813 INFO httpx HTTP Request: GET https://api.sbis.ru/retail/v2/nomenclature/list?withBalance=true&page=0&pageSize=100&pointId=170&priceListId=13&searchString=X2045044 "HTTP/1.1 200 OK"
2026-06-20 16:28:29,831 INFO httpx HTTP Request: GET https://api.sbis.ru/retail/v2/nomenclature/list?withBalance=true&page=0&pageSize=100&pointId=170&priceListId=13&searchString=X2272676 "HTTP/1.1 200 OK"
2026-06-20 16:28:29,865 INFO httpx HTTP Request: GET https://api.sbis.ru/retail/v2/nomenclature/list?withBalance=true&page=0&pageSize=100&pointId=170&priceListId=13&searchString=X2344308 "HTTP/1.1 200 OK"
2026-06-20 16:28:29,905 INFO httpx HTTP Request: GET https://api.sbis.ru/retail/v2/nomenclature/list?withBalance=true&page=0&pageSize=100&pointId=170&priceListId=13&searchString=X2625104 "HTTP/1.1 200 OK"
2026-06-20 16:28:29,936 INFO httpx HTTP Request: GET https://api.sbis.ru/retail/v2/nomenclature/list?withBalance=true&page=0&pageSize=100&pointId=170&priceListId=13&searchString=X2957126 "HTTP/1.1 200 OK"
2026-06-20 16:28:29,936 INFO httpx HTTP Request: GET https://api.sbis.ru/retail/v2/nomenclature/list?withBalance=true&page=0&pageSize=100&pointId=170&priceListId=13&searchString=X2681527 "HTTP/1.1 200 OK"
2026-06-20 16:28:29,937 INFO httpx HTTP Request: GET https://api.sbis.ru/retail/v2/nomenclature/list?withBalance=true&page=0&pageSize=100&pointId=170&priceListId=13&searchString=X2844023 "HTTP/1.1 200 OK"
2026-06-20 16:28:29,990 INFO httpx HTTP Request: GET https://api.sbis.ru/retail/v2/nomenclature/list?withBalance=true&page=0&pageSize=100&pointId=170&priceListId=13&searchString=X256742 "HTTP/1.1 200 OK"
2026-06-20 16:28:30,001 INFO httpx HTTP Request: GET https://api.sbis.ru/retail/v2/nomenclature/list?withBalance=true&page=0&pageSize=100&pointId=170&priceListId=13&searchString=X30847 "HTTP/1.1 200 OK"
2026-06-20 16:28:30,502 INFO httpx HTTP Request: GET https://api.sbis.ru/retail/v2/nomenclature/list?withBalance=true&page=0&pageSize=100&pointId=170&priceListId=13&searchString=X317557 "HTTP/1.1 200 OK"
2026-06-20 16:28:30,532 INFO httpx HTTP Request: GET https://api.sbis.ru/retail/v2/nomenclature/list?withBalance=true&page=0&pageSize=100&pointId=170&priceListId=13&searchString=X3166124 "HTTP/1.1 200 OK"
2026-06-20 16:28:30,553 INFO httpx HTTP Request: GET https://api.sbis.ru/retail/v2/nomenclature/list?withBalance=true&page=0&pageSize=100&pointId=170&priceListId=13&searchString=X3488707 "HTTP/1.1 200 OK"
2026-06-20 16:28:30,589 INFO httpx HTTP Request: GET https://api.sbis.ru/retail/v2/nomenclature/list?withBalance=true&page=0&pageSize=100&pointId=170&priceListId=13&searchString=X3454000 "HTTP/1.1 200 OK"
2026-06-20 16:28:30,646 INFO httpx HTTP Request: GET https://api.sbis.ru/retail/v2/nomenclature/list?withBalance=true&page=0&pageSize=100&pointId=170&priceListId=13&searchString=X3489158 "HTTP/1.1 200 OK"
2026-06-20 16:28:30,662 INFO httpx HTTP Request: GET https://api.sbis.ru/retail/v2/nomenclature/list?withBalance=true&page=0&pageSize=100&pointId=170&priceListId=13&searchString=X4152753 "HTTP/1.1 200 OK"
2026-06-20 16:28:30,663 INFO httpx HTTP Request: GET https://api.sbis.ru/retail/v2/nomenclature/list?withBalance=true&page=0&pageSize=100&pointId=170&priceListId=13&searchString=X429454 "HTTP/1.1 200 OK"
2026-06-20 16:28:30,687 INFO httpx HTTP Request: GET https://api.sbis.ru/retail/v2/nomenclature/list?withBalance=true&page=0&pageSize=100&pointId=170&priceListId=13&searchString=X3982883 "HTTP/1.1 200 OK"
2026-06-20 16:28:30,706 INFO httpx HTTP Request: GET https://api.sbis.ru/retail/v2/nomenclature/list?withBalance=true&page=0&pageSize=100&pointId=170&priceListId=13&searchString=X4250003 "HTTP/1.1 200 OK"
2026-06-20 16:28:30,797 INFO httpx HTTP Request: GET https://api.sbis.ru/retail/v2/nomenclature/list?withBalance=true&page=0&pageSize=100&pointId=170&priceListId=13&searchString=X384693 "HTTP/1.1 200 OK"
2026-06-20 16:28:31,257 INFO httpx HTTP Request: GET https://api.sbis.ru/retail/v2/nomenclature/list?withBalance=true&page=0&pageSize=100&pointId=170&priceListId=13&searchString=X448088 "HTTP/1.1 200 OK"
2026-06-20 16:28:31,259 INFO httpx HTTP Request: GET https://api.sbis.ru/retail/v2/nomenclature/list?withBalance=true&page=0&pageSize=100&pointId=170&priceListId=13&searchString=X4524339 "HTTP/1.1 200 OK"
2026-06-20 16:28:31,304 INFO httpx HTTP Request: GET https://api.sbis.ru/retail/v2/nomenclature/list?withBalance=true&page=0&pageSize=100&pointId=170&priceListId=13&searchString=X4864317 "HTTP/1.1 200 OK"
2026-06-20 16:28:31,305 INFO httpx HTTP Request: GET https://api.sbis.ru/retail/v2/nomenclature/list?withBalance=true&page=0&pageSize=100&pointId=170&priceListId=13&searchString=X4375504 "HTTP/1.1 200 OK"
2026-06-20 16:28:31,371 INFO httpx HTTP Request: GET https://api.sbis.ru/retail/v2/nomenclature/list?withBalance=true&page=0&pageSize=100&pointId=170&priceListId=13&searchString=X5364562 "HTTP/1.1 200 OK"
2026-06-20 16:28:31,403 INFO httpx HTTP Request: GET https://api.sbis.ru/retail/v2/nomenclature/list?withBalance=true&page=0&pageSize=100&pointId=170&priceListId=13&searchString=X5241077 "HTTP/1.1 200 OK"
2026-06-20 16:28:31,404 INFO httpx HTTP Request: GET https://api.sbis.ru/retail/v2/nomenclature/list?withBalance=true&page=0&pageSize=100&pointId=170&priceListId=13&searchString=X5334605 "HTTP/1.1 200 OK"
2026-06-20 16:28:31,427 INFO httpx HTTP Request: GET https://api.sbis.ru/retail/v2/nomenclature/list?withBalance=true&page=0&pageSize=100&pointId=170&priceListId=13&searchString=X5055339 "HTTP/1.1 200 OK"
2026-06-20 16:28:31,438 INFO httpx HTTP Request: GET https://api.sbis.ru/retail/v2/nomenclature/list?withBalance=true&page=0&pageSize=100&pointId=170&priceListId=13&searchString=X5239777 "HTTP/1.1 200 OK"
2026-06-20 16:28:31,496 INFO httpx HTTP Request: GET https://api.sbis.ru/retail/v2/nomenclature/list?withBalance=true&page=0&pageSize=100&pointId=170&priceListId=13&searchString=X554545 "HTTP/1.1 200 OK"
2026-06-20 16:28:32,004 INFO httpx HTTP Request: GET https://api.sbis.ru/retail/v2/nomenclature/list?withBalance=true&page=0&pageSize=100&pointId=170&priceListId=13&searchString=X6353582 "HTTP/1.1 200 OK"
2026-06-20 16:28:32,036 INFO httpx HTTP Request: GET https://api.sbis.ru/retail/v2/nomenclature/list?withBalance=true&page=0&pageSize=100&pointId=170&priceListId=13&searchString=X572024 "HTTP/1.1 200 OK"
2026-06-20 16:28:32,036 INFO httpx HTTP Request: GET https://api.sbis.ru/retail/v2/nomenclature/list?withBalance=true&page=0&pageSize=100&pointId=170&priceListId=13&searchString=X5998076 "HTTP/1.1 200 OK"
2026-06-20 16:28:32,037 INFO httpx HTTP Request: GET https://api.sbis.ru/retail/v2/nomenclature/list?withBalance=true&page=0&pageSize=100&pointId=170&priceListId=13&searchString=X5877346 "HTTP/1.1 200 OK"
2026-06-20 16:28:32,081 INFO httpx HTTP Request: GET https://api.sbis.ru/retail/v2/nomenclature/list?withBalance=true&page=0&pageSize=100&pointId=170&priceListId=13&searchString=X5997691 "HTTP/1.1 200 OK"
2026-06-20 16:28:32,086 INFO httpx HTTP Request: GET https://api.sbis.ru/retail/v2/nomenclature/list?withBalance=true&page=0&pageSize=100&pointId=170&priceListId=13&searchString=X607503 "HTTP/1.1 200 OK"
2026-06-20 16:28:32,124 INFO httpx HTTP Request: GET https://api.sbis.ru/retail/v2/nomenclature/list?withBalance=true&page=0&pageSize=100&pointId=170&priceListId=13&searchString=X6228021 "HTTP/1.1 200 OK"
2026-06-20 16:28:32,156 INFO httpx HTTP Request: GET https://api.sbis.ru/retail/v2/nomenclature/list?withBalance=true&page=0&pageSize=100&pointId=170&priceListId=13&searchString=X6386869 "HTTP/1.1 200 OK"
2026-06-20 16:28:32,168 INFO httpx HTTP Request: GET https://api.sbis.ru/retail/v2/nomenclature/list?withBalance=true&page=0&pageSize=100&pointId=170&priceListId=13&searchString=X6181860 "HTTP/1.1 200 OK"
2026-06-20 16:28:32,168 INFO httpx HTTP Request: GET https://api.sbis.ru/retail/v2/nomenclature/list?withBalance=true&page=0&pageSize=100&pointId=170&priceListId=13&searchString=X6333835 "HTTP/1.1 200 OK"
2026-06-20 16:28:32,758 INFO httpx HTTP Request: GET https://api.sbis.ru/retail/v2/nomenclature/list?withBalance=true&page=0&pageSize=100&pointId=170&priceListId=13&searchString=X6464844 "HTTP/1.1 200 OK"
2026-06-20 16:28:32,760 INFO httpx HTTP Request: GET https://api.sbis.ru/retail/v2/nomenclature/list?withBalance=true&page=0&pageSize=100&pointId=170&priceListId=13&searchString=X6578043 "HTTP/1.1 200 OK"
2026-06-20 16:28:32,807 INFO httpx HTTP Request: GET https://api.sbis.ru/retail/v2/nomenclature/list?withBalance=true&page=0&pageSize=100&pointId=170&priceListId=13&searchString=X6437665 "HTTP/1.1 200 OK"
2026-06-20 16:28:32,808 INFO httpx HTTP Request: GET https://api.sbis.ru/retail/v2/nomenclature/list?withBalance=true&page=0&pageSize=100&pointId=170&priceListId=13&searchString=X6608068 "HTTP/1.1 200 OK"
2026-06-20 16:28:32,835 INFO httpx HTTP Request: GET https://api.sbis.ru/retail/v2/nomenclature/list?withBalance=true&page=0&pageSize=100&pointId=170&priceListId=13&searchString=X6401232 "HTTP/1.1 200 OK"
2026-06-20 16:28:32,847 INFO httpx HTTP Request: GET https://api.sbis.ru/retail/v2/nomenclature/list?withBalance=true&page=0&pageSize=100&pointId=170&priceListId=13&searchString=X6503678 "HTTP/1.1 200 OK"
2026-06-20 16:28:32,866 INFO httpx HTTP Request: GET https://api.sbis.ru/retail/v2/nomenclature/list?withBalance=true&page=0&pageSize=100&pointId=170&priceListId=13&searchString=X6729114 "HTTP/1.1 200 OK"
2026-06-20 16:28:32,877 INFO httpx HTTP Request: GET https://api.sbis.ru/retail/v2/nomenclature/list?withBalance=true&page=0&pageSize=100&pointId=170&priceListId=13&searchString=X7226503 "HTTP/1.1 200 OK"
2026-06-20 16:28:32,904 INFO httpx HTTP Request: GET https://api.sbis.ru/retail/v2/nomenclature/list?withBalance=true&page=0&pageSize=100&pointId=170&priceListId=13&searchString=X7130629 "HTTP/1.1 200 OK"
2026-06-20 16:28:32,915 INFO httpx HTTP Request: GET https://api.sbis.ru/retail/v2/nomenclature/list?withBalance=true&page=0&pageSize=100&pointId=170&priceListId=13&searchString=X74133 "HTTP/1.1 200 OK"
2026-06-20 16:28:33,497 INFO httpx HTTP Request: GET https://api.sbis.ru/retail/v2/nomenclature/list?withBalance=true&page=0&pageSize=100&pointId=170&priceListId=13&searchString=X7478640 "HTTP/1.1 200 OK"
2026-06-20 16:28:33,519 INFO httpx HTTP Request: GET https://api.sbis.ru/retail/v2/nomenclature/list?withBalance=true&page=0&pageSize=100&pointId=170&priceListId=13&searchString=X7509948 "HTTP/1.1 200 OK"
2026-06-20 16:28:33,534 INFO httpx HTTP Request: GET https://api.sbis.ru/retail/v2/nomenclature/list?withBalance=true&page=0&pageSize=100&pointId=170&priceListId=13&searchString=X7551710 "HTTP/1.1 200 OK"
2026-06-20 16:28:33,550 INFO httpx HTTP Request: GET https://api.sbis.ru/retail/v2/nomenclature/list?withBalance=true&page=0&pageSize=100&pointId=170&priceListId=13&searchString=X7640022 "HTTP/1.1 200 OK"
2026-06-20 16:28:33,561 INFO httpx HTTP Request: GET https://api.sbis.ru/retail/v2/nomenclature/list?withBalance=true&page=0&pageSize=100&pointId=170&priceListId=13&searchString=X7584433 "HTTP/1.1 200 OK"
2026-06-20 16:28:33,562 INFO httpx HTTP Request: GET https://api.sbis.ru/retail/v2/nomenclature/list?withBalance=true&page=0&pageSize=100&pointId=170&priceListId=13&searchString=X7596816 "HTTP/1.1 200 OK"
2026-06-20 16:28:33,592 INFO httpx HTTP Request: GET https://api.sbis.ru/retail/v2/nomenclature/list?withBalance=true&page=0&pageSize=100&pointId=170&priceListId=13&searchString=X7922240 "HTTP/1.1 200 OK"
2026-06-20 16:28:33,606 INFO httpx HTTP Request: GET https://api.sbis.ru/retail/v2/nomenclature/list?withBalance=true&page=0&pageSize=100&pointId=170&priceListId=13&searchString=X7659478 "HTTP/1.1 200 OK"
2026-06-20 16:28:33,617 INFO httpx HTTP Request: GET https://api.sbis.ru/retail/v2/nomenclature/list?withBalance=true&page=0&pageSize=100&pointId=170&priceListId=13&searchString=X7702945 "HTTP/1.1 200 OK"
2026-06-20 16:28:33,618 INFO httpx HTTP Request: GET https://api.sbis.ru/retail/v2/nomenclature/list?withBalance=true&page=0&pageSize=100&pointId=170&priceListId=13&searchString=X7840533 "HTTP/1.1 200 OK"
2026-06-20 16:28:34,167 INFO httpx HTTP Request: GET https://api.sbis.ru/retail/v2/nomenclature/list?withBalance=true&page=0&pageSize=100&pointId=170&priceListId=13&searchString=X7971619 "HTTP/1.1 200 OK"
2026-06-20 16:28:34,193 INFO httpx HTTP Request: GET https://api.sbis.ru/retail/v2/nomenclature/list?withBalance=true&page=0&pageSize=100&pointId=170&priceListId=13&searchString=X7998115 "HTTP/1.1 200 OK"
2026-06-20 16:28:34,208 INFO httpx HTTP Request: GET https://api.sbis.ru/retail/v2/nomenclature/list?withBalance=true&page=0&pageSize=100&pointId=170&priceListId=13&searchString=X8026576 "HTTP/1.1 200 OK"
2026-06-20 16:28:34,263 INFO httpx HTTP Request: GET https://api.sbis.ru/retail/v2/nomenclature/list?withBalance=true&page=0&pageSize=100&pointId=170&priceListId=13&searchString=X8081831 "HTTP/1.1 200 OK"
2026-06-20 16:28:34,291 INFO httpx HTTP Request: GET https://api.sbis.ru/retail/v2/nomenclature/list?withBalance=true&page=0&pageSize=100&pointId=170&priceListId=13&searchString=X807153 "HTTP/1.1 200 OK"
2026-06-20 16:28:34,305 INFO httpx HTTP Request: GET https://api.sbis.ru/retail/v2/nomenclature/list?withBalance=true&page=0&pageSize=100&pointId=170&priceListId=13&searchString=X8124430 "HTTP/1.1 200 OK"
2026-06-20 16:28:34,306 INFO httpx HTTP Request: GET https://api.sbis.ru/retail/v2/nomenclature/list?withBalance=true&page=0&pageSize=100&pointId=170&priceListId=13&searchString=X8248484 "HTTP/1.1 200 OK"
2026-06-20 16:28:34,306 INFO httpx HTTP Request: GET https://api.sbis.ru/retail/v2/nomenclature/list?withBalance=true&page=0&pageSize=100&pointId=170&priceListId=13&searchString=X8035317 "HTTP/1.1 200 OK"
2026-06-20 16:28:34,348 INFO httpx HTTP Request: GET https://api.sbis.ru/retail/v2/nomenclature/list?withBalance=true&page=0&pageSize=100&pointId=170&priceListId=13&searchString=X8177837 "HTTP/1.1 200 OK"
2026-06-20 16:28:34,349 INFO httpx HTTP Request: GET https://api.sbis.ru/retail/v2/nomenclature/list?withBalance=true&page=0&pageSize=100&pointId=170&priceListId=13&searchString=X8249791 "HTTP/1.1 200 OK"
2026-06-20 16:28:34,892 INFO httpx HTTP Request: GET https://api.sbis.ru/retail/v2/nomenclature/list?withBalance=true&page=0&pageSize=100&pointId=170&priceListId=13&searchString=X8313761 "HTTP/1.1 200 OK"
2026-06-20 16:28:34,912 INFO httpx HTTP Request: GET https://api.sbis.ru/retail/v2/nomenclature/list?withBalance=true&page=0&pageSize=100&pointId=170&priceListId=13&searchString=X8399051 "HTTP/1.1 200 OK"
2026-06-20 16:28:34,927 INFO httpx HTTP Request: GET https://api.sbis.ru/retail/v2/nomenclature/list?withBalance=true&page=0&pageSize=100&pointId=170&priceListId=13&searchString=X8656949 "HTTP/1.1 200 OK"
2026-06-20 16:28:34,927 INFO httpx HTTP Request: GET https://api.sbis.ru/retail/v2/nomenclature/list?withBalance=true&page=0&pageSize=100&pointId=170&priceListId=13&searchString=X8358934 "HTTP/1.1 200 OK"
2026-06-20 16:28:34,928 INFO watchfiles.main 1 change detected
2026-06-20 16:28:35,023 INFO httpx HTTP Request: GET https://api.sbis.ru/retail/v2/nomenclature/list?withBalance=true&page=0&pageSize=100&pointId=170&priceListId=13&searchString=X8700663 "HTTP/1.1 200 OK"
2026-06-20 16:28:35,035 INFO httpx HTTP Request: GET https://api.sbis.ru/retail/v2/nomenclature/list?withBalance=true&page=0&pageSize=100&pointId=170&priceListId=13&searchString=X8721250 "HTTP/1.1 200 OK"
2026-06-20 16:28:35,036 INFO httpx HTTP Request: GET https://api.sbis.ru/retail/v2/nomenclature/list?withBalance=true&page=0&pageSize=100&pointId=170&priceListId=13&searchString=X8744110 "HTTP/1.1 200 OK"
2026-06-20 16:28:35,059 INFO httpx HTTP Request: GET https://api.sbis.ru/retail/v2/nomenclature/list?withBalance=true&page=0&pageSize=100&pointId=170&priceListId=13&searchString=X8810846 "HTTP/1.1 200 OK"
2026-06-20 16:28:35,077 INFO httpx HTTP Request: GET https://api.sbis.ru/retail/v2/nomenclature/list?withBalance=true&page=0&pageSize=100&pointId=170&priceListId=13&searchString=X8765407 "HTTP/1.1 200 OK"
2026-06-20 16:28:35,077 INFO httpx HTTP Request: GET https://api.sbis.ru/retail/v2/nomenclature/list?withBalance=true&page=0&pageSize=100&pointId=170&priceListId=13&searchString=X8783690 "HTTP/1.1 200 OK"
2026-06-20 16:28:36,220 INFO httpx HTTP Request: POST https://online.sbis.ru/oauth/service/ "HTTP/1.1 200 OK"
2026-06-20 16:28:37,076 INFO httpx HTTP Request: GET https://api.sbis.ru/retail/point/list?product=retail&page=0&pageSize=200 "HTTP/1.1 200 OK"
2026-06-20 16:28:37,702 INFO httpx HTTP Request: GET https://api.sbis.ru/retail/nomenclature/price-list?page=0&pageSize=100&pointId=2116&actualDate=2026-06-20 "HTTP/1.1 200 OK"
2026-06-20 16:28:37,713 INFO httpx HTTP Request: GET https://api.sbis.ru/retail/nomenclature/price-list?page=0&pageSize=100&pointId=204&actualDate=2026-06-20 "HTTP/1.1 200 OK"
2026-06-20 16:28:37,714 INFO httpx HTTP Request: GET https://api.sbis.ru/retail/nomenclature/price-list?page=0&pageSize=100&pointId=20268&actualDate=2026-06-20 "HTTP/1.1 200 OK"
2026-06-20 16:28:37,718 INFO httpx HTTP Request: GET https://api.sbis.ru/retail/nomenclature/price-list?page=0&pageSize=100&pointId=3900&actualDate=2026-06-20 "HTTP/1.1 200 OK"
2026-06-20 16:28:37,741 INFO httpx HTTP Request: GET https://api.sbis.ru/retail/nomenclature/price-list?page=0&pageSize=100&pointId=241&actualDate=2026-06-20 "HTTP/1.1 200 OK"
2026-06-20 16:28:37,782 INFO httpx HTTP Request: GET https://api.sbis.ru/retail/nomenclature/price-list?page=0&pageSize=100&pointId=170&actualDate=2026-06-20 "HTTP/1.1 200 OK"
2026-06-20 16:28:37,785 INFO httpx HTTP Request: GET https://api.sbis.ru/retail/nomenclature/price-list?page=0&pageSize=100&pointId=25042&actualDate=2026-06-20 "HTTP/1.1 200 OK"
2026-06-20 16:28:37,858 INFO src.backend.app.services.orchestrator sync_run completed
2026-06-20 16:28:39,916 INFO httpx HTTP Request: GET https://api.sbis.ru/retail/v2/nomenclature/list?withBalance=true&page=0&pageSize=500&pointId=170&priceListId=13 "HTTP/1.1 200 OK"
2026-06-20 16:28:40,066 WARNING src.backend.app.ingestion.stock Skipping stock row with invalid payload for store 170: None
2026-06-20 16:28:40,067 WARNING src.backend.app.ingestion.stock Skipping stock row with invalid payload for store 170: None
2026-06-20 16:28:40,067 WARNING src.backend.app.ingestion.stock Skipping stock row with invalid payload for store 170: None
2026-06-20 16:28:40,070 WARNING src.backend.app.ingestion.stock Skipping stock row with invalid payload for store 170: None
2026-06-20 16:28:40,070 WARNING src.backend.app.ingestion.stock Skipping stock row with invalid payload for store 170: None
2026-06-20 16:28:40,071 WARNING src.backend.app.ingestion.stock Skipping stock row with invalid payload for store 170: None
2026-06-20 16:28:40,071 WARNING src.backend.app.ingestion.stock Skipping stock row with invalid payload for store 170: None
2026-06-20 16:28:41,857 INFO httpx HTTP Request: GET https://api.sbis.ru/retail/v2/nomenclature/list?withBalance=true&page=1&pageSize=500&pointId=170&priceListId=13 "HTTP/1.1 200 OK"
2026-06-20 16:28:42,158 WARNING src.backend.app.ingestion.stock Skipping stock row with invalid payload for store 170: None
2026-06-20 16:28:42,160 WARNING src.backend.app.ingestion.stock Skipping stock row with invalid payload for store 170: None
2026-06-20 16:28:42,161 WARNING src.backend.app.ingestion.stock Skipping stock row with invalid payload for store 170: None
2026-06-20 16:28:42,161 WARNING src.backend.app.ingestion.stock Skipping stock row with invalid payload for store 170: None
2026-06-20 16:28:42,161 WARNING src.backend.app.ingestion.stock Skipping stock row with invalid payload for store 170: None
2026-06-20 16:28:42,302 INFO watchfiles.main 1 change detected
2026-06-20 16:28:43,656 INFO httpx HTTP Request: POST https://online.sbis.ru/oauth/service/ "HTTP/1.1 200 OK"
2026-06-20 16:28:44,572 INFO httpx HTTP Request: GET https://api.sbis.ru/retail/point/list?product=retail&page=0&pageSize=200 "HTTP/1.1 200 OK"
2026-06-20 16:28:45,210 INFO httpx HTTP Request: GET https://api.sbis.ru/retail/nomenclature/price-list?page=0&pageSize=100&pointId=3900&actualDate=2026-06-20 "HTTP/1.1 200 OK"
2026-06-20 16:28:45,212 INFO httpx HTTP Request: GET https://api.sbis.ru/retail/nomenclature/price-list?page=0&pageSize=100&pointId=2116&actualDate=2026-06-20 "HTTP/1.1 200 OK"
2026-06-20 16:28:45,228 INFO httpx HTTP Request: GET https://api.sbis.ru/retail/nomenclature/price-list?page=0&pageSize=100&pointId=20268&actualDate=2026-06-20 "HTTP/1.1 200 OK"
2026-06-20 16:28:45,244 INFO httpx HTTP Request: GET https://api.sbis.ru/retail/nomenclature/price-list?page=0&pageSize=100&pointId=204&actualDate=2026-06-20 "HTTP/1.1 200 OK"
2026-06-20 16:28:45,246 INFO httpx HTTP Request: GET https://api.sbis.ru/retail/nomenclature/price-list?page=0&pageSize=100&pointId=25042&actualDate=2026-06-20 "HTTP/1.1 200 OK"
2026-06-20 16:28:45,247 INFO httpx HTTP Request: GET https://api.sbis.ru/retail/nomenclature/price-list?page=0&pageSize=100&pointId=170&actualDate=2026-06-20 "HTTP/1.1 200 OK"
2026-06-20 16:28:45,270 INFO httpx HTTP Request: GET https://api.sbis.ru/retail/nomenclature/price-list?page=0&pageSize=100&pointId=241&actualDate=2026-06-20 "HTTP/1.1 200 OK"
2026-06-20 16:28:45,325 INFO src.backend.app.services.orchestrator sync_run completed
2026-06-20 16:28:47,325 INFO httpx HTTP Request: GET https://api.sbis.ru/retail/v2/nomenclature/list?withBalance=true&page=0&pageSize=500&pointId=170&priceListId=13 "HTTP/1.1 200 OK"
2026-06-20 16:28:47,480 WARNING src.backend.app.ingestion.stock Skipping stock row with invalid payload for store 170: None
2026-06-20 16:28:47,481 WARNING src.backend.app.ingestion.stock Skipping stock row with invalid payload for store 170: None
2026-06-20 16:28:47,482 WARNING src.backend.app.ingestion.stock Skipping stock row with invalid payload for store 170: None
2026-06-20 16:28:47,485 WARNING src.backend.app.ingestion.stock Skipping stock row with invalid payload for store 170: None
2026-06-20 16:28:47,485 WARNING src.backend.app.ingestion.stock Skipping stock row with invalid payload for store 170: None
2026-06-20 16:28:47,486 WARNING src.backend.app.ingestion.stock Skipping stock row with invalid payload for store 170: None
2026-06-20 16:28:47,487 WARNING src.backend.app.ingestion.stock Skipping stock row with invalid payload for store 170: None
2026-06-20 16:28:49,439 INFO httpx HTTP Request: GET https://api.sbis.ru/retail/v2/nomenclature/list?withBalance=true&page=1&pageSize=500&pointId=170&priceListId=13 "HTTP/1.1 200 OK"
2026-06-20 16:28:49,583 WARNING src.backend.app.ingestion.stock Skipping stock row with invalid payload for store 170: None
2026-06-20 16:28:49,585 WARNING src.backend.app.ingestion.stock Skipping stock row with invalid payload for store 170: None
2026-06-20 16:28:49,586 WARNING src.backend.app.ingestion.stock Skipping stock row with invalid payload for store 170: None
2026-06-20 16:28:49,586 WARNING src.backend.app.ingestion.stock Skipping stock row with invalid payload for store 170: None
2026-06-20 16:28:49,587 WARNING src.backend.app.ingestion.stock Skipping stock row with invalid payload for store 170: None
2026-06-20 16:28:50,270 INFO httpx HTTP Request: GET https://api.sbis.ru/retail/v2/nomenclature/list?withBalance=true&page=0&pageSize=100&pointId=170&priceListId=13&searchString=X1930568 "HTTP/1.1 200 OK"
2026-06-20 16:28:50,362 INFO httpx HTTP Request: GET https://api.sbis.ru/retail/v2/nomenclature/list?withBalance=true&page=0&pageSize=100&pointId=170&priceListId=13&searchString=X1323944 "HTTP/1.1 200 OK"
2026-06-20 16:28:50,396 INFO httpx HTTP Request: GET https://api.sbis.ru/retail/v2/nomenclature/list?withBalance=true&page=0&pageSize=100&pointId=170&priceListId=13&searchString=X1196834 "HTTP/1.1 200 OK"
2026-06-20 16:28:50,411 INFO httpx HTTP Request: GET https://api.sbis.ru/retail/v2/nomenclature/list?withBalance=true&page=0&pageSize=100&pointId=170&priceListId=13&searchString=X1544116 "HTTP/1.1 200 OK"
2026-06-20 16:28:50,426 INFO httpx HTTP Request: GET https://api.sbis.ru/retail/v2/nomenclature/list?withBalance=true&page=0&pageSize=100&pointId=170&priceListId=13&searchString=X148307 "HTTP/1.1 200 OK"
2026-06-20 16:28:50,443 INFO httpx HTTP Request: GET https://api.sbis.ru/retail/v2/nomenclature/list?withBalance=true&page=0&pageSize=100&pointId=170&priceListId=13&searchString=X2013503 "HTTP/1.1 200 OK"
2026-06-20 16:28:50,456 INFO httpx HTTP Request: GET https://api.sbis.ru/retail/v2/nomenclature/list?withBalance=true&page=0&pageSize=100&pointId=170&priceListId=13&searchString=X1889458 "HTTP/1.1 200 OK"
2026-06-20 16:28:50,456 INFO httpx HTTP Request: GET https://api.sbis.ru/retail/v2/nomenclature/list?withBalance=true&page=0&pageSize=100&pointId=170&priceListId=13&searchString=X1016836 "HTTP/1.1 200 OK"
2026-06-20 16:28:50,456 INFO httpx HTTP Request: GET https://api.sbis.ru/retail/v2/nomenclature/list?withBalance=true&page=0&pageSize=100&pointId=170&priceListId=13&searchString=X1376210 "HTTP/1.1 200 OK"
2026-06-20 16:28:50,489 INFO httpx HTTP Request: GET https://api.sbis.ru/retail/v2/nomenclature/list?withBalance=true&page=0&pageSize=100&pointId=170&priceListId=13&searchString=X1434152 "HTTP/1.1 200 OK"
2026-06-20 16:28:50,960 INFO httpx HTTP Request: GET https://api.sbis.ru/retail/v2/nomenclature/list?withBalance=true&page=0&pageSize=100&pointId=170&priceListId=13&searchString=X2045044 "HTTP/1.1 200 OK"
2026-06-20 16:28:51,066 INFO httpx HTTP Request: GET https://api.sbis.ru/retail/v2/nomenclature/list?withBalance=true&page=0&pageSize=100&pointId=170&priceListId=13&searchString=X2625104 "HTTP/1.1 200 OK"
2026-06-20 16:28:51,092 INFO httpx HTTP Request: GET https://api.sbis.ru/retail/v2/nomenclature/list?withBalance=true&page=0&pageSize=100&pointId=170&priceListId=13&searchString=X2087717 "HTTP/1.1 200 OK"
2026-06-20 16:28:51,132 INFO httpx HTTP Request: GET https://api.sbis.ru/retail/v2/nomenclature/list?withBalance=true&page=0&pageSize=100&pointId=170&priceListId=13&searchString=X2272676 "HTTP/1.1 200 OK"
2026-06-20 16:28:51,144 INFO httpx HTTP Request: GET https://api.sbis.ru/retail/v2/nomenclature/list?withBalance=true&page=0&pageSize=100&pointId=170&priceListId=13&searchString=X256742 "HTTP/1.1 200 OK"
2026-06-20 16:28:51,157 INFO httpx HTTP Request: GET https://api.sbis.ru/retail/v2/nomenclature/list?withBalance=true&page=0&pageSize=100&pointId=170&priceListId=13&searchString=X2681527 "HTTP/1.1 200 OK"
2026-06-20 16:28:51,169 INFO httpx HTTP Request: GET https://api.sbis.ru/retail/v2/nomenclature/list?withBalance=true&page=0&pageSize=100&pointId=170&priceListId=13&searchString=X30847 "HTTP/1.1 200 OK"
2026-06-20 16:28:51,169 INFO httpx HTTP Request: GET https://api.sbis.ru/retail/v2/nomenclature/list?withBalance=true&page=0&pageSize=100&pointId=170&priceListId=13&searchString=X2344308 "HTTP/1.1 200 OK"
2026-06-20 16:28:51,170 INFO httpx HTTP Request: GET https://api.sbis.ru/retail/v2/nomenclature/list?withBalance=true&page=0&pageSize=100&pointId=170&priceListId=13&searchString=X2844023 "HTTP/1.1 200 OK"
2026-06-20 16:28:51,223 INFO httpx HTTP Request: GET https://api.sbis.ru/retail/v2/nomenclature/list?withBalance=true&page=0&pageSize=100&pointId=170&priceListId=13&searchString=X2957126 "HTTP/1.1 200 OK"
2026-06-20 16:28:51,725 INFO httpx HTTP Request: GET https://api.sbis.ru/retail/v2/nomenclature/list?withBalance=true&page=0&pageSize=100&pointId=170&priceListId=13&searchString=X3166124 "HTTP/1.1 200 OK"
2026-06-20 16:28:51,813 INFO httpx HTTP Request: GET https://api.sbis.ru/retail/v2/nomenclature/list?withBalance=true&page=0&pageSize=100&pointId=170&priceListId=13&searchString=X3489158 "HTTP/1.1 200 OK"
2026-06-20 16:28:51,836 INFO httpx HTTP Request: GET https://api.sbis.ru/retail/v2/nomenclature/list?withBalance=true&page=0&pageSize=100&pointId=170&priceListId=13&searchString=X3454000 "HTTP/1.1 200 OK"
2026-06-20 16:28:51,852 INFO httpx HTTP Request: GET https://api.sbis.ru/retail/v2/nomenclature/list?withBalance=true&page=0&pageSize=100&pointId=170&priceListId=13&searchString=X317557 "HTTP/1.1 200 OK"
2026-06-20 16:28:51,874 INFO httpx HTTP Request: GET https://api.sbis.ru/retail/v2/nomenclature/list?withBalance=true&page=0&pageSize=100&pointId=170&priceListId=13&searchString=X3488707 "HTTP/1.1 200 OK"
2026-06-20 16:28:51,894 INFO httpx HTTP Request: GET https://api.sbis.ru/retail/v2/nomenclature/list?withBalance=true&page=0&pageSize=100&pointId=170&priceListId=13&searchString=X4152753 "HTTP/1.1 200 OK"
2026-06-20 16:28:51,908 INFO httpx HTTP Request: GET https://api.sbis.ru/retail/v2/nomenclature/list?withBalance=true&page=0&pageSize=100&pointId=170&priceListId=13&searchString=X384693 "HTTP/1.1 200 OK"
2026-06-20 16:28:51,909 INFO httpx HTTP Request: GET https://api.sbis.ru/retail/v2/nomenclature/list?withBalance=true&page=0&pageSize=100&pointId=170&priceListId=13&searchString=X4250003 "HTTP/1.1 200 OK"
2026-06-20 16:28:51,909 INFO httpx HTTP Request: GET https://api.sbis.ru/retail/v2/nomenclature/list?withBalance=true&page=0&pageSize=100&pointId=170&priceListId=13&searchString=X3982883 "HTTP/1.1 200 OK"
2026-06-20 16:28:51,942 INFO httpx HTTP Request: GET https://api.sbis.ru/retail/v2/nomenclature/list?withBalance=true&page=0&pageSize=100&pointId=170&priceListId=13&searchString=X429454 "HTTP/1.1 200 OK"
2026-06-20 16:28:52,477 INFO httpx HTTP Request: GET https://api.sbis.ru/retail/v2/nomenclature/list?withBalance=true&page=0&pageSize=100&pointId=170&priceListId=13&searchString=X4375504 "HTTP/1.1 200 OK"
2026-06-20 16:28:52,508 INFO httpx HTTP Request: GET https://api.sbis.ru/retail/v2/nomenclature/list?withBalance=true&page=0&pageSize=100&pointId=170&priceListId=13&searchString=X4864317 "HTTP/1.1 200 OK"
2026-06-20 16:28:52,537 INFO httpx HTTP Request: GET https://api.sbis.ru/retail/v2/nomenclature/list?withBalance=true&page=0&pageSize=100&pointId=170&priceListId=13&searchString=X448088 "HTTP/1.1 200 OK"
2026-06-20 16:28:52,580 INFO httpx HTTP Request: GET https://api.sbis.ru/retail/v2/nomenclature/list?withBalance=true&page=0&pageSize=100&pointId=170&priceListId=13&searchString=X5239777 "HTTP/1.1 200 OK"
2026-06-20 16:28:52,597 INFO httpx HTTP Request: GET https://api.sbis.ru/retail/v2/nomenclature/list?withBalance=true&page=0&pageSize=100&pointId=170&priceListId=13&searchString=X5334605 "HTTP/1.1 200 OK"
2026-06-20 16:28:52,601 INFO httpx HTTP Request: GET https://api.sbis.ru/retail/v2/nomenclature/list?withBalance=true&page=0&pageSize=100&pointId=170&priceListId=13&searchString=X4524339 "HTTP/1.1 200 OK"
2026-06-20 16:28:52,625 INFO httpx HTTP Request: GET https://api.sbis.ru/retail/v2/nomenclature/list?withBalance=true&page=0&pageSize=100&pointId=170&priceListId=13&searchString=X5055339 "HTTP/1.1 200 OK"
2026-06-20 16:28:52,626 INFO httpx HTTP Request: GET https://api.sbis.ru/retail/v2/nomenclature/list?withBalance=true&page=0&pageSize=100&pointId=170&priceListId=13&searchString=X5241077 "HTTP/1.1 200 OK"
2026-06-20 16:28:52,649 INFO httpx HTTP Request: GET https://api.sbis.ru/retail/v2/nomenclature/list?withBalance=true&page=0&pageSize=100&pointId=170&priceListId=13&searchString=X554545 "HTTP/1.1 200 OK"
2026-06-20 16:28:52,660 INFO httpx HTTP Request: GET https://api.sbis.ru/retail/v2/nomenclature/list?withBalance=true&page=0&pageSize=100&pointId=170&priceListId=13&searchString=X5364562 "HTTP/1.1 200 OK"
2026-06-20 16:28:53,192 INFO httpx HTTP Request: GET https://api.sbis.ru/retail/v2/nomenclature/list?withBalance=true&page=0&pageSize=100&pointId=170&priceListId=13&searchString=X572024 "HTTP/1.1 200 OK"
2026-06-20 16:28:53,227 INFO httpx HTTP Request: GET https://api.sbis.ru/retail/v2/nomenclature/list?withBalance=true&page=0&pageSize=100&pointId=170&priceListId=13&searchString=X5877346 "HTTP/1.1 200 OK"
2026-06-20 16:28:53,272 INFO httpx HTTP Request: GET https://api.sbis.ru/retail/v2/nomenclature/list?withBalance=true&page=0&pageSize=100&pointId=170&priceListId=13&searchString=X5998076 "HTTP/1.1 200 OK"
2026-06-20 16:28:53,293 INFO httpx HTTP Request: GET https://api.sbis.ru/retail/v2/nomenclature/list?withBalance=true&page=0&pageSize=100&pointId=170&priceListId=13&searchString=X5997691 "HTTP/1.1 200 OK"
2026-06-20 16:28:53,309 INFO httpx HTTP Request: GET https://api.sbis.ru/retail/v2/nomenclature/list?withBalance=true&page=0&pageSize=100&pointId=170&priceListId=13&searchString=X6181860 "HTTP/1.1 200 OK"
2026-06-20 16:28:53,321 INFO httpx HTTP Request: GET https://api.sbis.ru/retail/v2/nomenclature/list?withBalance=true&page=0&pageSize=100&pointId=170&priceListId=13&searchString=X6386869 "HTTP/1.1 200 OK"
2026-06-20 16:28:53,346 INFO httpx HTTP Request: GET https://api.sbis.ru/retail/v2/nomenclature/list?withBalance=true&page=0&pageSize=100&pointId=170&priceListId=13&searchString=X607503 "HTTP/1.1 200 OK"
2026-06-20 16:28:53,368 INFO httpx HTTP Request: GET https://api.sbis.ru/retail/v2/nomenclature/list?withBalance=true&page=0&pageSize=100&pointId=170&priceListId=13&searchString=X6228021 "HTTP/1.1 200 OK"
2026-06-20 16:28:53,383 INFO httpx HTTP Request: GET https://api.sbis.ru/retail/v2/nomenclature/list?withBalance=true&page=0&pageSize=100&pointId=170&priceListId=13&searchString=X6333835 "HTTP/1.1 200 OK"
2026-06-20 16:28:53,400 INFO httpx HTTP Request: GET https://api.sbis.ru/retail/v2/nomenclature/list?withBalance=true&page=0&pageSize=100&pointId=170&priceListId=13&searchString=X6353582 "HTTP/1.1 200 OK"
2026-06-20 16:28:53,911 INFO httpx HTTP Request: GET https://api.sbis.ru/retail/v2/nomenclature/list?withBalance=true&page=0&pageSize=100&pointId=170&priceListId=13&searchString=X6401232 "HTTP/1.1 200 OK"
2026-06-20 16:28:53,942 INFO httpx HTTP Request: GET https://api.sbis.ru/retail/v2/nomenclature/list?withBalance=true&page=0&pageSize=100&pointId=170&priceListId=13&searchString=X6437665 "HTTP/1.1 200 OK"
2026-06-20 16:28:53,984 INFO httpx HTTP Request: GET https://api.sbis.ru/retail/v2/nomenclature/list?withBalance=true&page=0&pageSize=100&pointId=170&priceListId=13&searchString=X6503678 "HTTP/1.1 200 OK"
2026-06-20 16:28:54,000 INFO httpx HTTP Request: GET https://api.sbis.ru/retail/v2/nomenclature/list?withBalance=true&page=0&pageSize=100&pointId=170&priceListId=13&searchString=X6464844 "HTTP/1.1 200 OK"
2026-06-20 16:28:54,016 INFO httpx HTTP Request: GET https://api.sbis.ru/retail/v2/nomenclature/list?withBalance=true&page=0&pageSize=100&pointId=170&priceListId=13&searchString=X6578043 "HTTP/1.1 200 OK"
2026-06-20 16:28:54,028 INFO httpx HTTP Request: GET https://api.sbis.ru/retail/v2/nomenclature/list?withBalance=true&page=0&pageSize=100&pointId=170&priceListId=13&searchString=X6608068 "HTTP/1.1 200 OK"
2026-06-20 16:28:54,045 INFO httpx HTTP Request: GET https://api.sbis.ru/retail/v2/nomenclature/list?withBalance=true&page=0&pageSize=100&pointId=170&priceListId=13&searchString=X6729114 "HTTP/1.1 200 OK"
2026-06-20 16:28:54,063 INFO httpx HTTP Request: GET https://api.sbis.ru/retail/v2/nomenclature/list?withBalance=true&page=0&pageSize=100&pointId=170&priceListId=13&searchString=X7130629 "HTTP/1.1 200 OK"
2026-06-20 16:28:54,078 INFO httpx HTTP Request: GET https://api.sbis.ru/retail/v2/nomenclature/list?withBalance=true&page=0&pageSize=100&pointId=170&priceListId=13&searchString=X74133 "HTTP/1.1 200 OK"
2026-06-20 16:28:54,100 INFO httpx HTTP Request: GET https://api.sbis.ru/retail/v2/nomenclature/list?withBalance=true&page=0&pageSize=100&pointId=170&priceListId=13&searchString=X7226503 "HTTP/1.1 200 OK"
2026-06-20 16:28:54,570 INFO httpx HTTP Request: GET https://api.sbis.ru/retail/v2/nomenclature/list?withBalance=true&page=0&pageSize=100&pointId=170&priceListId=13&searchString=X7478640 "HTTP/1.1 200 OK"
2026-06-20 16:28:54,618 INFO httpx HTTP Request: GET https://api.sbis.ru/retail/v2/nomenclature/list?withBalance=true&page=0&pageSize=100&pointId=170&priceListId=13&searchString=X7509948 "HTTP/1.1 200 OK"
2026-06-20 16:28:54,663 INFO httpx HTTP Request: GET https://api.sbis.ru/retail/v2/nomenclature/list?withBalance=true&page=0&pageSize=100&pointId=170&priceListId=13&searchString=X7551710 "HTTP/1.1 200 OK"
2026-06-20 16:28:54,716 INFO httpx HTTP Request: GET https://api.sbis.ru/retail/v2/nomenclature/list?withBalance=true&page=0&pageSize=100&pointId=170&priceListId=13&searchString=X7584433 "HTTP/1.1 200 OK"
2026-06-20 16:28:54,732 INFO httpx HTTP Request: GET https://api.sbis.ru/retail/v2/nomenclature/list?withBalance=true&page=0&pageSize=100&pointId=170&priceListId=13&searchString=X7702945 "HTTP/1.1 200 OK"
2026-06-20 16:28:54,732 INFO httpx HTTP Request: GET https://api.sbis.ru/retail/v2/nomenclature/list?withBalance=true&page=0&pageSize=100&pointId=170&priceListId=13&searchString=X7659478 "HTTP/1.1 200 OK"
2026-06-20 16:28:54,733 INFO httpx HTTP Request: GET https://api.sbis.ru/retail/v2/nomenclature/list?withBalance=true&page=0&pageSize=100&pointId=170&priceListId=13&searchString=X7596816 "HTTP/1.1 200 OK"
2026-06-20 16:28:54,770 INFO httpx HTTP Request: GET https://api.sbis.ru/retail/v2/nomenclature/list?withBalance=true&page=0&pageSize=100&pointId=170&priceListId=13&searchString=X7640022 "HTTP/1.1 200 OK"
2026-06-20 16:28:54,782 INFO httpx HTTP Request: GET https://api.sbis.ru/retail/v2/nomenclature/list?withBalance=true&page=0&pageSize=100&pointId=170&priceListId=13&searchString=X7922240 "HTTP/1.1 200 OK"
2026-06-20 16:28:54,823 INFO httpx HTTP Request: GET https://api.sbis.ru/retail/v2/nomenclature/list?withBalance=true&page=0&pageSize=100&pointId=170&priceListId=13&searchString=X7840533 "HTTP/1.1 200 OK"
2026-06-20 16:28:55,289 INFO httpx HTTP Request: GET https://api.sbis.ru/retail/v2/nomenclature/list?withBalance=true&page=0&pageSize=100&pointId=170&priceListId=13&searchString=X7971619 "HTTP/1.1 200 OK"
2026-06-20 16:28:55,329 INFO httpx HTTP Request: GET https://api.sbis.ru/retail/v2/nomenclature/list?withBalance=true&page=0&pageSize=100&pointId=170&priceListId=13&searchString=X8026576 "HTTP/1.1 200 OK"
2026-06-20 16:28:55,348 INFO httpx HTTP Request: GET https://api.sbis.ru/retail/v2/nomenclature/list?withBalance=true&page=0&pageSize=100&pointId=170&priceListId=13&searchString=X7998115 "HTTP/1.1 200 OK"
2026-06-20 16:28:55,423 INFO httpx HTTP Request: GET https://api.sbis.ru/retail/v2/nomenclature/list?withBalance=true&page=0&pageSize=100&pointId=170&priceListId=13&searchString=X8177837 "HTTP/1.1 200 OK"
2026-06-20 16:28:55,482 INFO httpx HTTP Request: GET https://api.sbis.ru/retail/v2/nomenclature/list?withBalance=true&page=0&pageSize=100&pointId=170&priceListId=13&searchString=X8249791 "HTTP/1.1 200 OK"
2026-06-20 16:28:55,499 INFO httpx HTTP Request: GET https://api.sbis.ru/retail/v2/nomenclature/list?withBalance=true&page=0&pageSize=100&pointId=170&priceListId=13&searchString=X8081831 "HTTP/1.1 200 OK"
2026-06-20 16:28:55,499 INFO httpx HTTP Request: GET https://api.sbis.ru/retail/v2/nomenclature/list?withBalance=true&page=0&pageSize=100&pointId=170&priceListId=13&searchString=X8248484 "HTTP/1.1 200 OK"
2026-06-20 16:28:55,500 INFO httpx HTTP Request: GET https://api.sbis.ru/retail/v2/nomenclature/list?withBalance=true&page=0&pageSize=100&pointId=170&priceListId=13&searchString=X8124430 "HTTP/1.1 200 OK"
2026-06-20 16:28:55,552 INFO httpx HTTP Request: GET https://api.sbis.ru/retail/v2/nomenclature/list?withBalance=true&page=0&pageSize=100&pointId=170&priceListId=13&searchString=X8035317 "HTTP/1.1 200 OK"
2026-06-20 16:28:55,553 INFO httpx HTTP Request: GET https://api.sbis.ru/retail/v2/nomenclature/list?withBalance=true&page=0&pageSize=100&pointId=170&priceListId=13&searchString=X807153 "HTTP/1.1 200 OK"
2026-06-20 16:28:55,986 INFO httpx HTTP Request: GET https://api.sbis.ru/retail/v2/nomenclature/list?withBalance=true&page=0&pageSize=100&pointId=170&priceListId=13&searchString=X8358934 "HTTP/1.1 200 OK"
2026-06-20 16:28:56,058 INFO httpx HTTP Request: GET https://api.sbis.ru/retail/v2/nomenclature/list?withBalance=true&page=0&pageSize=100&pointId=170&priceListId=13&searchString=X8313761 "HTTP/1.1 200 OK"
2026-06-20 16:28:56,147 INFO httpx HTTP Request: GET https://api.sbis.ru/retail/v2/nomenclature/list?withBalance=true&page=0&pageSize=100&pointId=170&priceListId=13&searchString=X8399051 "HTTP/1.1 200 OK"
2026-06-20 16:28:56,168 INFO httpx HTTP Request: GET https://api.sbis.ru/retail/v2/nomenclature/list?withBalance=true&page=0&pageSize=100&pointId=170&priceListId=13&searchString=X8656949 "HTTP/1.1 200 OK"
2026-06-20 16:28:56,227 INFO httpx HTTP Request: GET https://api.sbis.ru/retail/v2/nomenclature/list?withBalance=true&page=0&pageSize=100&pointId=170&priceListId=13&searchString=X8721250 "HTTP/1.1 200 OK"
2026-06-20 16:28:56,244 INFO httpx HTTP Request: GET https://api.sbis.ru/retail/v2/nomenclature/list?withBalance=true&page=0&pageSize=100&pointId=170&priceListId=13&searchString=X8744110 "HTTP/1.1 200 OK"
2026-06-20 16:28:56,258 INFO httpx HTTP Request: GET https://api.sbis.ru/retail/v2/nomenclature/list?withBalance=true&page=0&pageSize=100&pointId=170&priceListId=13&searchString=X8700663 "HTTP/1.1 200 OK"
2026-06-20 16:28:56,296 INFO httpx HTTP Request: GET https://api.sbis.ru/retail/v2/nomenclature/list?withBalance=true&page=0&pageSize=100&pointId=170&priceListId=13&searchString=X8783690 "HTTP/1.1 200 OK"
2026-06-20 16:28:56,309 INFO httpx HTTP Request: GET https://api.sbis.ru/retail/v2/nomenclature/list?withBalance=true&page=0&pageSize=100&pointId=170&priceListId=13&searchString=X8810846 "HTTP/1.1 200 OK"
2026-06-20 16:28:56,309 INFO httpx HTTP Request: GET https://api.sbis.ru/retail/v2/nomenclature/list?withBalance=true&page=0&pageSize=100&pointId=170&priceListId=13&searchString=X8765407 "HTTP/1.1 200 OK"
2026-06-20 16:28:56,753 INFO httpx HTTP Request: GET https://api.sbis.ru/retail/v2/nomenclature/list?withBalance=true&page=0&pageSize=100&pointId=170&priceListId=13&searchString=X9502404 "HTTP/1.1 200 OK"
2026-06-20 16:28:56,765 INFO httpx HTTP Request: GET https://api.sbis.ru/retail/v2/nomenclature/list?withBalance=true&page=0&pageSize=100&pointId=170&priceListId=13&searchString=X8849526 "HTTP/1.1 200 OK"
2026-06-20 16:28:56,808 INFO httpx HTTP Request: GET https://api.sbis.ru/retail/v2/nomenclature/list?withBalance=true&page=0&pageSize=100&pointId=170&priceListId=13&searchString=X9260806 "HTTP/1.1 200 OK"
2026-06-20 16:28:56,949 INFO httpx HTTP Request: GET https://api.sbis.ru/retail/v2/nomenclature/list?withBalance=true&page=0&pageSize=100&pointId=170&priceListId=13&searchString=X9627238 "HTTP/1.1 200 OK"
2026-06-20 16:28:56,951 INFO httpx HTTP Request: GET https://api.sbis.ru/retail/v2/nomenclature/list?withBalance=true&page=0&pageSize=100&pointId=170&priceListId=13&searchString=X9541106 "HTTP/1.1 200 OK"
2026-06-20 16:28:57,030 INFO httpx HTTP Request: GET https://api.sbis.ru/retail/v2/nomenclature/list?withBalance=true&page=0&pageSize=100&pointId=170&priceListId=13&searchString=X9847596 "HTTP/1.1 200 OK"
2026-06-20 16:28:57,044 INFO httpx HTTP Request: GET https://api.sbis.ru/retail/v2/nomenclature/list?withBalance=true&page=0&pageSize=100&pointId=170&priceListId=13&searchString=X9766737 "HTTP/1.1 200 OK"
2026-06-20 16:28:57,842 INFO httpx HTTP Request: GET https://api.sbis.ru/retail/v2/nomenclature/list?withBalance=true&page=0&pageSize=100&pointId=170&priceListId=13&searchString=X9285091 "HTTP/1.1 200 OK"
2026-06-20 16:28:57,933 INFO src.backend.app.services.orchestrator sync_run completed
2026-06-20 16:29:00,086 INFO httpx HTTP Request: GET https://api.sbis.ru/retail/order/list?fromDateTime=2026-04-01+00%3A00%3A00&page=0&pageSize=200&toDateTime=2026-05-01+00%3A00%3A00&pointId=170 "HTTP/1.1 200 OK"
2026-06-20 16:29:02,844 INFO watchfiles.main 1 change detected
2026-06-20 16:29:04,108 INFO httpx HTTP Request: POST https://online.sbis.ru/oauth/service/ "HTTP/1.1 200 OK"
2026-06-20 16:29:05,152 INFO httpx HTTP Request: GET https://api.sbis.ru/retail/point/list?product=retail&page=0&pageSize=200 "HTTP/1.1 200 OK"
2026-06-20 16:29:05,802 INFO httpx HTTP Request: GET https://api.sbis.ru/retail/nomenclature/price-list?page=0&pageSize=100&pointId=170&actualDate=2026-06-20 "HTTP/1.1 200 OK"
2026-06-20 16:29:05,808 INFO httpx HTTP Request: GET https://api.sbis.ru/retail/nomenclature/price-list?page=0&pageSize=100&pointId=3900&actualDate=2026-06-20 "HTTP/1.1 200 OK"
2026-06-20 16:29:05,822 INFO httpx HTTP Request: GET https://api.sbis.ru/retail/nomenclature/price-list?page=0&pageSize=100&pointId=2116&actualDate=2026-06-20 "HTTP/1.1 200 OK"
2026-06-20 16:29:05,827 INFO httpx HTTP Request: GET https://api.sbis.ru/retail/nomenclature/price-list?page=0&pageSize=100&pointId=25042&actualDate=2026-06-20 "HTTP/1.1 200 OK"
2026-06-20 16:29:05,831 INFO httpx HTTP Request: GET https://api.sbis.ru/retail/nomenclature/price-list?page=0&pageSize=100&pointId=20268&actualDate=2026-06-20 "HTTP/1.1 200 OK"
2026-06-20 16:29:05,839 INFO httpx HTTP Request: GET https://api.sbis.ru/retail/nomenclature/price-list?page=0&pageSize=100&pointId=204&actualDate=2026-06-20 "HTTP/1.1 200 OK"
2026-06-20 16:29:05,857 INFO httpx HTTP Request: GET https://api.sbis.ru/retail/nomenclature/price-list?page=0&pageSize=100&pointId=241&actualDate=2026-06-20 "HTTP/1.1 200 OK"
2026-06-20 16:29:05,938 INFO src.backend.app.services.orchestrator sync_run completed
2026-06-20 16:29:06,751 INFO httpx HTTP Request: GET https://api.sbis.ru/retail/v2/nomenclature/list?withBalance=true&page=0&pageSize=500&pointId=170&priceListId=13 "HTTP/1.1 200 OK"
2026-06-20 16:29:07,026 WARNING src.backend.app.ingestion.stock Skipping stock row with invalid payload for store 170: None
2026-06-20 16:29:07,028 WARNING src.backend.app.ingestion.stock Skipping stock row with invalid payload for store 170: None
2026-06-20 16:29:07,028 WARNING src.backend.app.ingestion.stock Skipping stock row with invalid payload for store 170: None
2026-06-20 16:29:07,030 WARNING src.backend.app.ingestion.stock Skipping stock row with invalid payload for store 170: None
2026-06-20 16:29:07,031 WARNING src.backend.app.ingestion.stock Skipping stock row with invalid payload for store 170: None
2026-06-20 16:29:07,032 WARNING src.backend.app.ingestion.stock Skipping stock row with invalid payload for store 170: None
2026-06-20 16:29:07,032 WARNING src.backend.app.ingestion.stock Skipping stock row with invalid payload for store 170: None
2026-06-20 16:29:07,933 INFO httpx HTTP Request: GET https://api.sbis.ru/retail/v2/nomenclature/list?withBalance=true&page=1&pageSize=500&pointId=170&priceListId=13 "HTTP/1.1 200 OK"
2026-06-20 16:29:08,449 WARNING src.backend.app.ingestion.stock Skipping stock row with invalid payload for store 170: None
2026-06-20 16:29:08,451 WARNING src.backend.app.ingestion.stock Skipping stock row with invalid payload for store 170: None
2026-06-20 16:29:08,451 WARNING src.backend.app.ingestion.stock Skipping stock row with invalid payload for store 170: None
2026-06-20 16:29:08,451 WARNING src.backend.app.ingestion.stock Skipping stock row with invalid payload for store 170: None
2026-06-20 16:29:08,452 WARNING src.backend.app.ingestion.stock Skipping stock row with invalid payload for store 170: None
2026-06-20 16:29:09,134 INFO httpx HTTP Request: GET https://api.sbis.ru/retail/v2/nomenclature/list?withBalance=true&page=0&pageSize=100&pointId=170&priceListId=13&searchString=X2013503 "HTTP/1.1 200 OK"
2026-06-20 16:29:09,230 INFO httpx HTTP Request: GET https://api.sbis.ru/retail/v2/nomenclature/list?withBalance=true&page=0&pageSize=100&pointId=170&priceListId=13&searchString=X1323944 "HTTP/1.1 200 OK"
2026-06-20 16:29:09,258 INFO httpx HTTP Request: GET https://api.sbis.ru/retail/v2/nomenclature/list?withBalance=true&page=0&pageSize=100&pointId=170&priceListId=13&searchString=X1930568 "HTTP/1.1 200 OK"
2026-06-20 16:29:09,274 INFO httpx HTTP Request: GET https://api.sbis.ru/retail/v2/nomenclature/list?withBalance=true&page=0&pageSize=100&pointId=170&priceListId=13&searchString=X1544116 "HTTP/1.1 200 OK"
2026-06-20 16:29:09,275 INFO httpx HTTP Request: GET https://api.sbis.ru/retail/v2/nomenclature/list?withBalance=true&page=0&pageSize=100&pointId=170&priceListId=13&searchString=X1889458 "HTTP/1.1 200 OK"
2026-06-20 16:29:09,302 INFO httpx HTTP Request: GET https://api.sbis.ru/retail/v2/nomenclature/list?withBalance=true&page=0&pageSize=100&pointId=170&priceListId=13&searchString=X1196834 "HTTP/1.1 200 OK"
2026-06-20 16:29:09,302 INFO httpx HTTP Request: GET https://api.sbis.ru/retail/v2/nomenclature/list?withBalance=true&page=0&pageSize=100&pointId=170&priceListId=13&searchString=X1376210 "HTTP/1.1 200 OK"
2026-06-20 16:29:09,306 INFO httpx HTTP Request: GET https://api.sbis.ru/retail/v2/nomenclature/list?withBalance=true&page=0&pageSize=100&pointId=170&priceListId=13&searchString=X1016836 "HTTP/1.1 200 OK"
2026-06-20 16:29:09,315 INFO watchfiles.main 1 change detected
2026-06-20 16:29:09,346 INFO httpx HTTP Request: GET https://api.sbis.ru/retail/v2/nomenclature/list?withBalance=true&page=0&pageSize=100&pointId=170&priceListId=13&searchString=X1434152 "HTTP/1.1 200 OK"
2026-06-20 16:29:09,347 INFO httpx HTTP Request: GET https://api.sbis.ru/retail/v2/nomenclature/list?withBalance=true&page=0&pageSize=100&pointId=170&priceListId=13&searchString=X148307 "HTTP/1.1 200 OK"
2026-06-20 16:29:10,639 INFO httpx HTTP Request: POST https://online.sbis.ru/oauth/service/ "HTTP/1.1 200 OK"
2026-06-20 16:29:11,561 INFO httpx HTTP Request: GET https://api.sbis.ru/retail/point/list?product=retail&page=0&pageSize=200 "HTTP/1.1 200 OK"
2026-06-20 16:29:12,210 INFO httpx HTTP Request: GET https://api.sbis.ru/retail/nomenclature/price-list?page=0&pageSize=100&pointId=20268&actualDate=2026-06-20 "HTTP/1.1 200 OK"
2026-06-20 16:29:12,216 INFO httpx HTTP Request: GET https://api.sbis.ru/retail/nomenclature/price-list?page=0&pageSize=100&pointId=2116&actualDate=2026-06-20 "HTTP/1.1 200 OK"
2026-06-20 16:29:12,218 INFO httpx HTTP Request: GET https://api.sbis.ru/retail/nomenclature/price-list?page=0&pageSize=100&pointId=3900&actualDate=2026-06-20 "HTTP/1.1 200 OK"
2026-06-20 16:29:12,231 INFO httpx HTTP Request: GET https://api.sbis.ru/retail/nomenclature/price-list?page=0&pageSize=100&pointId=241&actualDate=2026-06-20 "HTTP/1.1 200 OK"
2026-06-20 16:29:12,236 INFO httpx HTTP Request: GET https://api.sbis.ru/retail/nomenclature/price-list?page=0&pageSize=100&pointId=25042&actualDate=2026-06-20 "HTTP/1.1 200 OK"
2026-06-20 16:29:12,262 INFO httpx HTTP Request: GET https://api.sbis.ru/retail/nomenclature/price-list?page=0&pageSize=100&pointId=204&actualDate=2026-06-20 "HTTP/1.1 200 OK"
2026-06-20 16:29:12,272 INFO httpx HTTP Request: GET https://api.sbis.ru/retail/nomenclature/price-list?page=0&pageSize=100&pointId=170&actualDate=2026-06-20 "HTTP/1.1 200 OK"
2026-06-20 16:29:12,352 INFO src.backend.app.services.orchestrator sync_run completed
2026-06-20 16:29:14,131 INFO httpx HTTP Request: GET https://api.sbis.ru/retail/v2/nomenclature/list?withBalance=true&page=0&pageSize=500&pointId=170&priceListId=13 "HTTP/1.1 200 OK"
2026-06-20 16:29:14,406 WARNING src.backend.app.ingestion.stock Skipping stock row with invalid payload for store 170: None
2026-06-20 16:29:14,407 WARNING src.backend.app.ingestion.stock Skipping stock row with invalid payload for store 170: None
2026-06-20 16:29:14,407 WARNING src.backend.app.ingestion.stock Skipping stock row with invalid payload for store 170: None
2026-06-20 16:29:14,410 WARNING src.backend.app.ingestion.stock Skipping stock row with invalid payload for store 170: None
2026-06-20 16:29:14,410 WARNING src.backend.app.ingestion.stock Skipping stock row with invalid payload for store 170: None
2026-06-20 16:29:14,411 WARNING src.backend.app.ingestion.stock Skipping stock row with invalid payload for store 170: None
2026-06-20 16:29:14,411 WARNING src.backend.app.ingestion.stock Skipping stock row with invalid payload for store 170: None
2026-06-20 16:29:16,906 INFO httpx HTTP Request: GET https://api.sbis.ru/retail/v2/nomenclature/list?withBalance=true&page=1&pageSize=500&pointId=170&priceListId=13 "HTTP/1.1 200 OK"
2026-06-20 16:29:16,915 INFO watchfiles.main 1 change detected
2026-06-20 16:29:17,053 WARNING src.backend.app.ingestion.stock Skipping stock row with invalid payload for store 170: None
2026-06-20 16:29:17,055 WARNING src.backend.app.ingestion.stock Skipping stock row with invalid payload for store 170: None
2026-06-20 16:29:17,056 WARNING src.backend.app.ingestion.stock Skipping stock row with invalid payload for store 170: None
2026-06-20 16:29:17,056 WARNING src.backend.app.ingestion.stock Skipping stock row with invalid payload for store 170: None
2026-06-20 16:29:17,057 WARNING src.backend.app.ingestion.stock Skipping stock row with invalid payload for store 170: None
2026-06-20 16:29:18,257 INFO httpx HTTP Request: POST https://online.sbis.ru/oauth/service/ "HTTP/1.1 200 OK"
2026-06-20 16:29:19,188 INFO httpx HTTP Request: GET https://api.sbis.ru/retail/point/list?product=retail&page=0&pageSize=200 "HTTP/1.1 200 OK"
2026-06-20 16:29:19,854 INFO httpx HTTP Request: GET https://api.sbis.ru/retail/nomenclature/price-list?page=0&pageSize=100&pointId=241&actualDate=2026-06-20 "HTTP/1.1 200 OK"
2026-06-20 16:29:19,856 INFO httpx HTTP Request: GET https://api.sbis.ru/retail/nomenclature/price-list?page=0&pageSize=100&pointId=170&actualDate=2026-06-20 "HTTP/1.1 200 OK"
2026-06-20 16:29:19,857 INFO httpx HTTP Request: GET https://api.sbis.ru/retail/nomenclature/price-list?page=0&pageSize=100&pointId=204&actualDate=2026-06-20 "HTTP/1.1 200 OK"
2026-06-20 16:29:19,870 INFO httpx HTTP Request: GET https://api.sbis.ru/retail/nomenclature/price-list?page=0&pageSize=100&pointId=25042&actualDate=2026-06-20 "HTTP/1.1 200 OK"
2026-06-20 16:29:19,878 INFO httpx HTTP Request: GET https://api.sbis.ru/retail/nomenclature/price-list?page=0&pageSize=100&pointId=3900&actualDate=2026-06-20 "HTTP/1.1 200 OK"
2026-06-20 16:29:19,900 INFO httpx HTTP Request: GET https://api.sbis.ru/retail/nomenclature/price-list?page=0&pageSize=100&pointId=2116&actualDate=2026-06-20 "HTTP/1.1 200 OK"
2026-06-20 16:29:19,913 INFO httpx HTTP Request: GET https://api.sbis.ru/retail/nomenclature/price-list?page=0&pageSize=100&pointId=20268&actualDate=2026-06-20 "HTTP/1.1 200 OK"
2026-06-20 16:29:19,995 INFO src.backend.app.services.orchestrator sync_run completed
2026-06-20 16:29:21,969 INFO httpx HTTP Request: GET https://api.sbis.ru/retail/v2/nomenclature/list?withBalance=true&page=0&pageSize=500&pointId=170&priceListId=13 "HTTP/1.1 200 OK"
2026-06-20 16:29:22,122 WARNING src.backend.app.ingestion.stock Skipping stock row with invalid payload for store 170: None
2026-06-20 16:29:22,123 WARNING src.backend.app.ingestion.stock Skipping stock row with invalid payload for store 170: None
2026-06-20 16:29:22,123 WARNING src.backend.app.ingestion.stock Skipping stock row with invalid payload for store 170: None
2026-06-20 16:29:22,125 WARNING src.backend.app.ingestion.stock Skipping stock row with invalid payload for store 170: None
2026-06-20 16:29:22,126 WARNING src.backend.app.ingestion.stock Skipping stock row with invalid payload for store 170: None
2026-06-20 16:29:22,126 WARNING src.backend.app.ingestion.stock Skipping stock row with invalid payload for store 170: None
2026-06-20 16:29:22,127 WARNING src.backend.app.ingestion.stock Skipping stock row with invalid payload for store 170: None
2026-06-20 16:29:24,187 INFO httpx HTTP Request: GET https://api.sbis.ru/retail/v2/nomenclature/list?withBalance=true&page=1&pageSize=500&pointId=170&priceListId=13 "HTTP/1.1 200 OK"
2026-06-20 16:29:24,336 WARNING src.backend.app.ingestion.stock Skipping stock row with invalid payload for store 170: None
2026-06-20 16:29:24,338 WARNING src.backend.app.ingestion.stock Skipping stock row with invalid payload for store 170: None
2026-06-20 16:29:24,339 WARNING src.backend.app.ingestion.stock Skipping stock row with invalid payload for store 170: None
2026-06-20 16:29:24,339 WARNING src.backend.app.ingestion.stock Skipping stock row with invalid payload for store 170: None
2026-06-20 16:29:24,339 WARNING src.backend.app.ingestion.stock Skipping stock row with invalid payload for store 170: None
2026-06-20 16:29:25,202 INFO httpx HTTP Request: GET https://api.sbis.ru/retail/v2/nomenclature/list?withBalance=true&page=0&pageSize=100&pointId=170&priceListId=13&searchString=X1196834 "HTTP/1.1 200 OK"
2026-06-20 16:29:25,203 INFO httpx HTTP Request: GET https://api.sbis.ru/retail/v2/nomenclature/list?withBalance=true&page=0&pageSize=100&pointId=170&priceListId=13&searchString=X1323944 "HTTP/1.1 200 OK"
2026-06-20 16:29:25,204 INFO httpx HTTP Request: GET https://api.sbis.ru/retail/v2/nomenclature/list?withBalance=true&page=0&pageSize=100&pointId=170&priceListId=13&searchString=X148307 "HTTP/1.1 200 OK"
2026-06-20 16:29:25,261 INFO httpx HTTP Request: GET https://api.sbis.ru/retail/v2/nomenclature/list?withBalance=true&page=0&pageSize=100&pointId=170&priceListId=13&searchString=X1016836 "HTTP/1.1 200 OK"
2026-06-20 16:29:25,262 INFO httpx HTTP Request: GET https://api.sbis.ru/retail/v2/nomenclature/list?withBalance=true&page=0&pageSize=100&pointId=170&priceListId=13&searchString=X1544116 "HTTP/1.1 200 OK"
2026-06-20 16:29:25,263 INFO httpx HTTP Request: GET https://api.sbis.ru/retail/v2/nomenclature/list?withBalance=true&page=0&pageSize=100&pointId=170&priceListId=13&searchString=X1376210 "HTTP/1.1 200 OK"
2026-06-20 16:29:25,263 INFO httpx HTTP Request: GET https://api.sbis.ru/retail/v2/nomenclature/list?withBalance=true&page=0&pageSize=100&pointId=170&priceListId=13&searchString=X1930568 "HTTP/1.1 200 OK"
2026-06-20 16:29:25,264 INFO httpx HTTP Request: GET https://api.sbis.ru/retail/v2/nomenclature/list?withBalance=true&page=0&pageSize=100&pointId=170&priceListId=13&searchString=X1434152 "HTTP/1.1 200 OK"
2026-06-20 16:29:25,265 INFO httpx HTTP Request: GET https://api.sbis.ru/retail/v2/nomenclature/list?withBalance=true&page=0&pageSize=100&pointId=170&priceListId=13&searchString=X2013503 "HTTP/1.1 200 OK"
2026-06-20 16:29:25,265 INFO httpx HTTP Request: GET https://api.sbis.ru/retail/v2/nomenclature/list?withBalance=true&page=0&pageSize=100&pointId=170&priceListId=13&searchString=X1889458 "HTTP/1.1 200 OK"
2026-06-20 16:29:26,100 INFO httpx HTTP Request: GET https://api.sbis.ru/retail/v2/nomenclature/list?withBalance=true&page=0&pageSize=100&pointId=170&priceListId=13&searchString=X2844023 "HTTP/1.1 200 OK"
2026-06-20 16:29:26,101 INFO httpx HTTP Request: GET https://api.sbis.ru/retail/v2/nomenclature/list?withBalance=true&page=0&pageSize=100&pointId=170&priceListId=13&searchString=X2957126 "HTTP/1.1 200 OK"
2026-06-20 16:29:26,102 INFO httpx HTTP Request: GET https://api.sbis.ru/retail/v2/nomenclature/list?withBalance=true&page=0&pageSize=100&pointId=170&priceListId=13&searchString=X256742 "HTTP/1.1 200 OK"
2026-06-20 16:29:26,104 INFO httpx HTTP Request: GET https://api.sbis.ru/retail/v2/nomenclature/list?withBalance=true&page=0&pageSize=100&pointId=170&priceListId=13&searchString=X2344308 "HTTP/1.1 200 OK"
2026-06-20 16:29:26,105 INFO httpx HTTP Request: GET https://api.sbis.ru/retail/v2/nomenclature/list?withBalance=true&page=0&pageSize=100&pointId=170&priceListId=13&searchString=X2045044 "HTTP/1.1 200 OK"
2026-06-20 16:29:26,106 INFO httpx HTTP Request: GET https://api.sbis.ru/retail/v2/nomenclature/list?withBalance=true&page=0&pageSize=100&pointId=170&priceListId=13&searchString=X2681527 "HTTP/1.1 200 OK"
2026-06-20 16:29:26,190 INFO httpx HTTP Request: GET https://api.sbis.ru/retail/v2/nomenclature/list?withBalance=true&page=0&pageSize=100&pointId=170&priceListId=13&searchString=X30847 "HTTP/1.1 200 OK"
2026-06-20 16:29:26,190 INFO httpx HTTP Request: GET https://api.sbis.ru/retail/v2/nomenclature/list?withBalance=true&page=0&pageSize=100&pointId=170&priceListId=13&searchString=X2625104 "HTTP/1.1 200 OK"
2026-06-20 16:29:26,191 INFO httpx HTTP Request: GET https://api.sbis.ru/retail/v2/nomenclature/list?withBalance=true&page=0&pageSize=100&pointId=170&priceListId=13&searchString=X2272676 "HTTP/1.1 200 OK"
2026-06-20 16:29:26,191 INFO httpx HTTP Request: GET https://api.sbis.ru/retail/v2/nomenclature/list?withBalance=true&page=0&pageSize=100&pointId=170&priceListId=13&searchString=X2087717 "HTTP/1.1 200 OK"
2026-06-20 16:29:26,802 INFO httpx HTTP Request: GET https://api.sbis.ru/retail/v2/nomenclature/list?withBalance=true&page=0&pageSize=100&pointId=170&priceListId=13&searchString=X4250003 "HTTP/1.1 200 OK"
2026-06-20 16:29:26,827 INFO httpx HTTP Request: GET https://api.sbis.ru/retail/v2/nomenclature/list?withBalance=true&page=0&pageSize=100&pointId=170&priceListId=13&searchString=X384693 "HTTP/1.1 200 OK"
2026-06-20 16:29:26,906 INFO httpx HTTP Request: GET https://api.sbis.ru/retail/v2/nomenclature/list?withBalance=true&page=0&pageSize=100&pointId=170&priceListId=13&searchString=X3488707 "HTTP/1.1 200 OK"
2026-06-20 16:29:26,921 INFO httpx HTTP Request: GET https://api.sbis.ru/retail/v2/nomenclature/list?withBalance=true&page=0&pageSize=100&pointId=170&priceListId=13&searchString=X317557 "HTTP/1.1 200 OK"
2026-06-20 16:29:26,936 INFO httpx HTTP Request: GET https://api.sbis.ru/retail/v2/nomenclature/list?withBalance=true&page=0&pageSize=100&pointId=170&priceListId=13&searchString=X3454000 "HTTP/1.1 200 OK"
2026-06-20 16:29:26,937 INFO httpx HTTP Request: GET https://api.sbis.ru/retail/v2/nomenclature/list?withBalance=true&page=0&pageSize=100&pointId=170&priceListId=13&searchString=X429454 "HTTP/1.1 200 OK"
2026-06-20 16:29:26,938 INFO httpx HTTP Request: GET https://api.sbis.ru/retail/v2/nomenclature/list?withBalance=true&page=0&pageSize=100&pointId=170&priceListId=13&searchString=X3166124 "HTTP/1.1 200 OK"
2026-06-20 16:29:26,979 INFO httpx HTTP Request: GET https://api.sbis.ru/retail/v2/nomenclature/list?withBalance=true&page=0&pageSize=100&pointId=170&priceListId=13&searchString=X3489158 "HTTP/1.1 200 OK"
2026-06-20 16:29:26,980 INFO httpx HTTP Request: GET https://api.sbis.ru/retail/v2/nomenclature/list?withBalance=true&page=0&pageSize=100&pointId=170&priceListId=13&searchString=X3982883 "HTTP/1.1 200 OK"
2026-06-20 16:29:26,980 INFO httpx HTTP Request: GET https://api.sbis.ru/retail/v2/nomenclature/list?withBalance=true&page=0&pageSize=100&pointId=170&priceListId=13&searchString=X4152753 "HTTP/1.1 200 OK"
2026-06-20 16:29:27,486 INFO httpx HTTP Request: GET https://api.sbis.ru/retail/v2/nomenclature/list?withBalance=true&page=0&pageSize=100&pointId=170&priceListId=13&searchString=X4375504 "HTTP/1.1 200 OK"
2026-06-20 16:29:27,616 INFO httpx HTTP Request: GET https://api.sbis.ru/retail/v2/nomenclature/list?withBalance=true&page=0&pageSize=100&pointId=170&priceListId=13&searchString=X448088 "HTTP/1.1 200 OK"
2026-06-20 16:29:27,671 INFO httpx HTTP Request: GET https://api.sbis.ru/retail/v2/nomenclature/list?withBalance=true&page=0&pageSize=100&pointId=170&priceListId=13&searchString=X4524339 "HTTP/1.1 200 OK"
2026-06-20 16:29:27,671 INFO httpx HTTP Request: GET https://api.sbis.ru/retail/v2/nomenclature/list?withBalance=true&page=0&pageSize=100&pointId=170&priceListId=13&searchString=X5334605 "HTTP/1.1 200 OK"
2026-06-20 16:29:27,700 INFO httpx HTTP Request: GET https://api.sbis.ru/retail/v2/nomenclature/list?withBalance=true&page=0&pageSize=100&pointId=170&priceListId=13&searchString=X5055339 "HTTP/1.1 200 OK"
2026-06-20 16:29:27,700 INFO httpx HTTP Request: GET https://api.sbis.ru/retail/v2/nomenclature/list?withBalance=true&page=0&pageSize=100&pointId=170&priceListId=13&searchString=X4864317 "HTTP/1.1 200 OK"
2026-06-20 16:29:27,701 INFO httpx HTTP Request: GET https://api.sbis.ru/retail/v2/nomenclature/list?withBalance=true&page=0&pageSize=100&pointId=170&priceListId=13&searchString=X5241077 "HTTP/1.1 200 OK"
2026-06-20 16:29:27,742 INFO httpx HTTP Request: GET https://api.sbis.ru/retail/v2/nomenclature/list?withBalance=true&page=0&pageSize=100&pointId=170&priceListId=13&searchString=X554545 "HTTP/1.1 200 OK"
2026-06-20 16:29:27,743 INFO httpx HTTP Request: GET https://api.sbis.ru/retail/v2/nomenclature/list?withBalance=true&page=0&pageSize=100&pointId=170&priceListId=13&searchString=X5364562 "HTTP/1.1 200 OK"
2026-06-20 16:29:27,743 INFO httpx HTTP Request: GET https://api.sbis.ru/retail/v2/nomenclature/list?withBalance=true&page=0&pageSize=100&pointId=170&priceListId=13&searchString=X5239777 "HTTP/1.1 200 OK"
2026-06-20 16:29:28,186 INFO httpx HTTP Request: GET https://api.sbis.ru/retail/v2/nomenclature/list?withBalance=true&page=0&pageSize=100&pointId=170&priceListId=13&searchString=X572024 "HTTP/1.1 200 OK"
2026-06-20 16:29:28,300 INFO httpx HTTP Request: GET https://api.sbis.ru/retail/v2/nomenclature/list?withBalance=true&page=0&pageSize=100&pointId=170&priceListId=13&searchString=X5877346 "HTTP/1.1 200 OK"
2026-06-20 16:29:28,364 INFO httpx HTTP Request: GET https://api.sbis.ru/retail/v2/nomenclature/list?withBalance=true&page=0&pageSize=100&pointId=170&priceListId=13&searchString=X5997691 "HTTP/1.1 200 OK"
2026-06-20 16:29:28,437 INFO httpx HTTP Request: GET https://api.sbis.ru/retail/v2/nomenclature/list?withBalance=true&page=0&pageSize=100&pointId=170&priceListId=13&searchString=X5998076 "HTTP/1.1 200 OK"
2026-06-20 16:29:28,438 INFO httpx HTTP Request: GET https://api.sbis.ru/retail/v2/nomenclature/list?withBalance=true&page=0&pageSize=100&pointId=170&priceListId=13&searchString=X6386869 "HTTP/1.1 200 OK"
2026-06-20 16:29:28,465 INFO httpx HTTP Request: GET https://api.sbis.ru/retail/v2/nomenclature/list?withBalance=true&page=0&pageSize=100&pointId=170&priceListId=13&searchString=X6181860 "HTTP/1.1 200 OK"
2026-06-20 16:29:28,489 INFO httpx HTTP Request: GET https://api.sbis.ru/retail/v2/nomenclature/list?withBalance=true&page=0&pageSize=100&pointId=170&priceListId=13&searchString=X6333835 "HTTP/1.1 200 OK"
2026-06-20 16:29:28,502 INFO httpx HTTP Request: GET https://api.sbis.ru/retail/v2/nomenclature/list?withBalance=true&page=0&pageSize=100&pointId=170&priceListId=13&searchString=X607503 "HTTP/1.1 200 OK"
2026-06-20 16:29:28,505 INFO httpx HTTP Request: GET https://api.sbis.ru/retail/v2/nomenclature/list?withBalance=true&page=0&pageSize=100&pointId=170&priceListId=13&searchString=X6228021 "HTTP/1.1 200 OK"
2026-06-20 16:29:28,680 INFO httpx HTTP Request: GET https://api.sbis.ru/retail/v2/nomenclature/list?withBalance=true&page=0&pageSize=100&pointId=170&priceListId=13&searchString=X6353582 "HTTP/1.1 200 OK"
2026-06-20 16:29:28,873 INFO httpx HTTP Request: GET https://api.sbis.ru/retail/v2/nomenclature/list?withBalance=true&page=0&pageSize=100&pointId=170&priceListId=13&searchString=X6401232 "HTTP/1.1 200 OK"
2026-06-20 16:29:29,018 INFO httpx HTTP Request: GET https://api.sbis.ru/retail/v2/nomenclature/list?withBalance=true&page=0&pageSize=100&pointId=170&priceListId=13&searchString=X6437665 "HTTP/1.1 200 OK"
2026-06-20 16:29:29,077 INFO httpx HTTP Request: GET https://api.sbis.ru/retail/v2/nomenclature/list?withBalance=true&page=0&pageSize=100&pointId=170&priceListId=13&searchString=X6464844 "HTTP/1.1 200 OK"
2026-06-20 16:29:29,110 INFO httpx HTTP Request: GET https://api.sbis.ru/retail/v2/nomenclature/list?withBalance=true&page=0&pageSize=100&pointId=170&priceListId=13&searchString=X6729114 "HTTP/1.1 200 OK"
2026-06-20 16:29:29,139 INFO httpx HTTP Request: GET https://api.sbis.ru/retail/v2/nomenclature/list?withBalance=true&page=0&pageSize=100&pointId=170&priceListId=13&searchString=X6578043 "HTTP/1.1 200 OK"
2026-06-20 16:29:29,170 INFO httpx HTTP Request: GET https://api.sbis.ru/retail/v2/nomenclature/list?withBalance=true&page=0&pageSize=100&pointId=170&priceListId=13&searchString=X6503678 "HTTP/1.1 200 OK"
2026-06-20 16:29:29,184 INFO httpx HTTP Request: GET https://api.sbis.ru/retail/v2/nomenclature/list?withBalance=true&page=0&pageSize=100&pointId=170&priceListId=13&searchString=X6608068 "HTTP/1.1 200 OK"
2026-06-20 16:29:29,209 INFO httpx HTTP Request: GET https://api.sbis.ru/retail/v2/nomenclature/list?withBalance=true&page=0&pageSize=100&pointId=170&priceListId=13&searchString=X7130629 "HTTP/1.1 200 OK"
2026-06-20 16:29:29,209 INFO httpx HTTP Request: GET https://api.sbis.ru/retail/v2/nomenclature/list?withBalance=true&page=0&pageSize=100&pointId=170&priceListId=13&searchString=X7226503 "HTTP/1.1 200 OK"
2026-06-20 16:29:29,414 INFO httpx HTTP Request: GET https://api.sbis.ru/retail/v2/nomenclature/list?withBalance=true&page=0&pageSize=100&pointId=170&priceListId=13&searchString=X74133 "HTTP/1.1 200 OK"
2026-06-20 16:29:29,589 INFO httpx HTTP Request: GET https://api.sbis.ru/retail/v2/nomenclature/list?withBalance=true&page=0&pageSize=100&pointId=170&priceListId=13&searchString=X7478640 "HTTP/1.1 200 OK"
2026-06-20 16:29:29,731 INFO httpx HTTP Request: GET https://api.sbis.ru/retail/v2/nomenclature/list?withBalance=true&page=0&pageSize=100&pointId=170&priceListId=13&searchString=X7509948 "HTTP/1.1 200 OK"
2026-06-20 16:29:29,783 INFO httpx HTTP Request: GET https://api.sbis.ru/retail/v2/nomenclature/list?withBalance=true&page=0&pageSize=100&pointId=170&priceListId=13&searchString=X7551710 "HTTP/1.1 200 OK"
2026-06-20 16:29:29,817 INFO httpx HTTP Request: GET https://api.sbis.ru/retail/v2/nomenclature/list?withBalance=true&page=0&pageSize=100&pointId=170&priceListId=13&searchString=X7584433 "HTTP/1.1 200 OK"
2026-06-20 16:29:29,857 INFO httpx HTTP Request: GET https://api.sbis.ru/retail/v2/nomenclature/list?withBalance=true&page=0&pageSize=100&pointId=170&priceListId=13&searchString=X7640022 "HTTP/1.1 200 OK"
2026-06-20 16:29:29,882 INFO httpx HTTP Request: GET https://api.sbis.ru/retail/v2/nomenclature/list?withBalance=true&page=0&pageSize=100&pointId=170&priceListId=13&searchString=X7596816 "HTTP/1.1 200 OK"
2026-06-20 16:29:29,896 INFO httpx HTTP Request: GET https://api.sbis.ru/retail/v2/nomenclature/list?withBalance=true&page=0&pageSize=100&pointId=170&priceListId=13&searchString=X7702945 "HTTP/1.1 200 OK"
2026-06-20 16:29:29,896 INFO httpx HTTP Request: GET https://api.sbis.ru/retail/v2/nomenclature/list?withBalance=true&page=0&pageSize=100&pointId=170&priceListId=13&searchString=X7840533 "HTTP/1.1 200 OK"
2026-06-20 16:29:29,920 INFO httpx HTTP Request: GET https://api.sbis.ru/retail/v2/nomenclature/list?withBalance=true&page=0&pageSize=100&pointId=170&priceListId=13&searchString=X7659478 "HTTP/1.1 200 OK"
2026-06-20 16:29:30,227 INFO httpx HTTP Request: GET https://api.sbis.ru/retail/v2/nomenclature/list?withBalance=true&page=0&pageSize=100&pointId=170&priceListId=13&searchString=X7922240 "HTTP/1.1 200 OK"
2026-06-20 16:29:30,303 INFO httpx HTTP Request: GET https://api.sbis.ru/retail/v2/nomenclature/list?withBalance=true&page=0&pageSize=100&pointId=170&priceListId=13&searchString=X7971619 "HTTP/1.1 200 OK"
2026-06-20 16:29:30,451 INFO httpx HTTP Request: GET https://api.sbis.ru/retail/v2/nomenclature/list?withBalance=true&page=0&pageSize=100&pointId=170&priceListId=13&searchString=X8026576 "HTTP/1.1 200 OK"
2026-06-20 16:29:30,473 INFO httpx HTTP Request: GET https://api.sbis.ru/retail/v2/nomenclature/list?withBalance=true&page=0&pageSize=100&pointId=170&priceListId=13&searchString=X7998115 "HTTP/1.1 200 OK"
2026-06-20 16:29:30,533 INFO httpx HTTP Request: GET https://api.sbis.ru/retail/v2/nomenclature/list?withBalance=true&page=0&pageSize=100&pointId=170&priceListId=13&searchString=X8035317 "HTTP/1.1 200 OK"
2026-06-20 16:29:30,562 INFO httpx HTTP Request: GET https://api.sbis.ru/retail/v2/nomenclature/list?withBalance=true&page=0&pageSize=100&pointId=170&priceListId=13&searchString=X807153 "HTTP/1.1 200 OK"
2026-06-20 16:29:30,594 INFO httpx HTTP Request: GET https://api.sbis.ru/retail/v2/nomenclature/list?withBalance=true&page=0&pageSize=100&pointId=170&priceListId=13&searchString=X8124430 "HTTP/1.1 200 OK"
2026-06-20 16:29:30,608 INFO httpx HTTP Request: GET https://api.sbis.ru/retail/v2/nomenclature/list?withBalance=true&page=0&pageSize=100&pointId=170&priceListId=13&searchString=X8081831 "HTTP/1.1 200 OK"
2026-06-20 16:29:30,608 INFO httpx HTTP Request: GET https://api.sbis.ru/retail/v2/nomenclature/list?withBalance=true&page=0&pageSize=100&pointId=170&priceListId=13&searchString=X8177837 "HTTP/1.1 200 OK"
2026-06-20 16:29:30,609 INFO httpx HTTP Request: GET https://api.sbis.ru/retail/v2/nomenclature/list?withBalance=true&page=0&pageSize=100&pointId=170&priceListId=13&searchString=X8248484 "HTTP/1.1 200 OK"
2026-06-20 16:29:30,968 INFO httpx HTTP Request: GET https://api.sbis.ru/retail/v2/nomenclature/list?withBalance=true&page=0&pageSize=100&pointId=170&priceListId=13&searchString=X8249791 "HTTP/1.1 200 OK"
2026-06-20 16:29:31,072 INFO httpx HTTP Request: GET https://api.sbis.ru/retail/v2/nomenclature/list?withBalance=true&page=0&pageSize=100&pointId=170&priceListId=13&searchString=X8313761 "HTTP/1.1 200 OK"
2026-06-20 16:29:31,198 INFO httpx HTTP Request: GET https://api.sbis.ru/retail/v2/nomenclature/list?withBalance=true&page=0&pageSize=100&pointId=170&priceListId=13&searchString=X8399051 "HTTP/1.1 200 OK"
2026-06-20 16:29:31,229 INFO httpx HTTP Request: GET https://api.sbis.ru/retail/v2/nomenclature/list?withBalance=true&page=0&pageSize=100&pointId=170&priceListId=13&searchString=X8358934 "HTTP/1.1 200 OK"
2026-06-20 16:29:31,248 INFO httpx HTTP Request: GET https://api.sbis.ru/retail/v2/nomenclature/list?withBalance=true&page=0&pageSize=100&pointId=170&priceListId=13&searchString=X8656949 "HTTP/1.1 200 OK"
2026-06-20 16:29:31,275 INFO httpx HTTP Request: GET https://api.sbis.ru/retail/v2/nomenclature/list?withBalance=true&page=0&pageSize=100&pointId=170&priceListId=13&searchString=X8700663 "HTTP/1.1 200 OK"
2026-06-20 16:29:31,302 INFO httpx HTTP Request: GET https://api.sbis.ru/retail/v2/nomenclature/list?withBalance=true&page=0&pageSize=100&pointId=170&priceListId=13&searchString=X8744110 "HTTP/1.1 200 OK"
2026-06-20 16:29:31,315 INFO httpx HTTP Request: GET https://api.sbis.ru/retail/v2/nomenclature/list?withBalance=true&page=0&pageSize=100&pointId=170&priceListId=13&searchString=X8765407 "HTTP/1.1 200 OK"
2026-06-20 16:29:31,374 INFO httpx HTTP Request: GET https://api.sbis.ru/retail/v2/nomenclature/list?withBalance=true&page=0&pageSize=100&pointId=170&priceListId=13&searchString=X8721250 "HTTP/1.1 200 OK"
2026-06-20 16:29:31,376 INFO httpx HTTP Request: GET https://api.sbis.ru/retail/v2/nomenclature/list?withBalance=true&page=0&pageSize=100&pointId=170&priceListId=13&searchString=X8783690 "HTTP/1.1 200 OK"
2026-06-20 16:29:31,683 INFO httpx HTTP Request: GET https://api.sbis.ru/retail/v2/nomenclature/list?withBalance=true&page=0&pageSize=100&pointId=170&priceListId=13&searchString=X8810846 "HTTP/1.1 200 OK"
2026-06-20 16:29:31,794 INFO httpx HTTP Request: GET https://api.sbis.ru/retail/v2/nomenclature/list?withBalance=true&page=0&pageSize=100&pointId=170&priceListId=13&searchString=X8849526 "HTTP/1.1 200 OK"
2026-06-20 16:29:31,881 INFO httpx HTTP Request: GET https://api.sbis.ru/retail/v2/nomenclature/list?withBalance=true&page=0&pageSize=100&pointId=170&priceListId=13&searchString=X9260806 "HTTP/1.1 200 OK"
2026-06-20 16:29:31,947 INFO httpx HTTP Request: GET https://api.sbis.ru/retail/v2/nomenclature/list?withBalance=true&page=0&pageSize=100&pointId=170&priceListId=13&searchString=X9541106 "HTTP/1.1 200 OK"
2026-06-20 16:29:31,966 INFO httpx HTTP Request: GET https://api.sbis.ru/retail/v2/nomenclature/list?withBalance=true&page=0&pageSize=100&pointId=170&priceListId=13&searchString=X9285091 "HTTP/1.1 200 OK"
2026-06-20 16:29:31,968 INFO httpx HTTP Request: GET https://api.sbis.ru/retail/v2/nomenclature/list?withBalance=true&page=0&pageSize=100&pointId=170&priceListId=13&searchString=X9502404 "HTTP/1.1 200 OK"
2026-06-20 16:29:32,005 INFO httpx HTTP Request: GET https://api.sbis.ru/retail/v2/nomenclature/list?withBalance=true&page=0&pageSize=100&pointId=170&priceListId=13&searchString=X9766737 "HTTP/1.1 200 OK"
2026-06-20 16:29:32,021 INFO httpx HTTP Request: GET https://api.sbis.ru/retail/v2/nomenclature/list?withBalance=true&page=0&pageSize=100&pointId=170&priceListId=13&searchString=X9627238 "HTTP/1.1 200 OK"
2026-06-20 16:29:32,040 INFO httpx HTTP Request: GET https://api.sbis.ru/retail/v2/nomenclature/list?withBalance=true&page=0&pageSize=100&pointId=170&priceListId=13&searchString=X9847596 "HTTP/1.1 200 OK"
2026-06-20 16:29:32,130 INFO src.backend.app.services.orchestrator sync_run completed
2026-06-20 16:29:34,344 INFO httpx HTTP Request: GET https://api.sbis.ru/retail/order/list?fromDateTime=2026-04-01+00%3A00%3A00&page=0&pageSize=200&toDateTime=2026-05-01+00%3A00%3A00&pointId=170 "HTTP/1.1 200 OK"
2026-06-20 16:29:37,463 INFO httpx HTTP Request: GET https://api.sbis.ru/retail/order/list?fromDateTime=2026-04-01+00%3A00%3A00&page=1&pageSize=200&toDateTime=2026-05-01+00%3A00%3A00&pointId=170 "HTTP/1.1 200 OK"
2026-06-20 16:29:40,237 INFO httpx HTTP Request: GET https://api.sbis.ru/retail/order/list?fromDateTime=2026-04-01+00%3A00%3A00&page=2&pageSize=200&toDateTime=2026-05-01+00%3A00%3A00&pointId=170 "HTTP/1.1 200 OK"
2026-06-20 16:29:43,200 INFO httpx HTTP Request: GET https://api.sbis.ru/retail/order/list?fromDateTime=2026-04-01+00%3A00%3A00&page=3&pageSize=200&toDateTime=2026-05-01+00%3A00%3A00&pointId=170 "HTTP/1.1 200 OK"
2026-06-20 16:29:45,817 INFO httpx HTTP Request: GET https://api.sbis.ru/retail/order/list?fromDateTime=2026-04-01+00%3A00%3A00&page=4&pageSize=200&toDateTime=2026-05-01+00%3A00%3A00&pointId=170 "HTTP/1.1 200 OK"
2026-06-20 16:29:48,483 INFO httpx HTTP Request: GET https://api.sbis.ru/retail/order/list?fromDateTime=2026-04-01+00%3A00%3A00&page=5&pageSize=200&toDateTime=2026-05-01+00%3A00%3A00&pointId=170 "HTTP/1.1 200 OK"
2026-06-20 16:29:50,980 INFO httpx HTTP Request: GET https://api.sbis.ru/retail/order/list?fromDateTime=2026-04-01+00%3A00%3A00&page=6&pageSize=200&toDateTime=2026-05-01+00%3A00%3A00&pointId=170 "HTTP/1.1 200 OK"
2026-06-20 16:29:53,844 INFO httpx HTTP Request: GET https://api.sbis.ru/retail/order/list?fromDateTime=2026-04-01+00%3A00%3A00&page=7&pageSize=200&toDateTime=2026-05-01+00%3A00%3A00&pointId=170 "HTTP/1.1 200 OK"
2026-06-20 16:29:56,721 INFO httpx HTTP Request: GET https://api.sbis.ru/retail/order/list?fromDateTime=2026-04-01+00%3A00%3A00&page=8&pageSize=200&toDateTime=2026-05-01+00%3A00%3A00&pointId=170 "HTTP/1.1 200 OK"
2026-06-20 16:30:00,719 INFO httpx HTTP Request: GET https://api.sbis.ru/retail/order/list?fromDateTime=2026-04-01+00%3A00%3A00&page=9&pageSize=200&toDateTime=2026-05-01+00%3A00%3A00&pointId=170 "HTTP/1.1 200 OK"
2026-06-20 16:30:03,400 INFO httpx HTTP Request: GET https://api.sbis.ru/retail/order/list?fromDateTime=2026-04-01+00%3A00%3A00&page=10&pageSize=200&toDateTime=2026-05-01+00%3A00%3A00&pointId=170 "HTTP/1.1 200 OK"
2026-06-20 16:30:06,238 INFO httpx HTTP Request: GET https://api.sbis.ru/retail/order/list?fromDateTime=2026-04-01+00%3A00%3A00&page=11&pageSize=200&toDateTime=2026-05-01+00%3A00%3A00&pointId=170 "HTTP/1.1 200 OK"
2026-06-20 16:30:09,923 INFO httpx HTTP Request: GET https://api.sbis.ru/retail/order/list?fromDateTime=2026-04-01+00%3A00%3A00&page=12&pageSize=200&toDateTime=2026-05-01+00%3A00%3A00&pointId=170 "HTTP/1.1 200 OK"
2026-06-20 16:30:12,840 INFO httpx HTTP Request: GET https://api.sbis.ru/retail/order/list?fromDateTime=2026-04-01+00%3A00%3A00&page=13&pageSize=200&toDateTime=2026-05-01+00%3A00%3A00&pointId=170 "HTTP/1.1 200 OK"
2026-06-20 16:30:15,351 INFO httpx HTTP Request: GET https://api.sbis.ru/retail/order/list?fromDateTime=2026-04-01+00%3A00%3A00&page=14&pageSize=200&toDateTime=2026-05-01+00%3A00%3A00&pointId=170 "HTTP/1.1 200 OK"
2026-06-20 16:30:18,321 INFO httpx HTTP Request: GET https://api.sbis.ru/retail/order/list?fromDateTime=2026-04-01+00%3A00%3A00&page=15&pageSize=200&toDateTime=2026-05-01+00%3A00%3A00&pointId=170 "HTTP/1.1 200 OK"
2026-06-20 16:30:20,573 INFO httpx HTTP Request: GET https://api.sbis.ru/retail/order/list?fromDateTime=2026-04-01+00%3A00%3A00&page=16&pageSize=200&toDateTime=2026-05-01+00%3A00%3A00&pointId=170 "HTTP/1.1 200 OK"
2026-06-20 16:30:23,955 INFO httpx HTTP Request: GET https://api.sbis.ru/retail/order/list?fromDateTime=2026-04-01+00%3A00%3A00&page=17&pageSize=200&toDateTime=2026-05-01+00%3A00%3A00&pointId=170 "HTTP/1.1 200 OK"
2026-06-20 16:30:27,024 INFO httpx HTTP Request: GET https://api.sbis.ru/retail/order/list?fromDateTime=2026-04-01+00%3A00%3A00&page=18&pageSize=200&toDateTime=2026-05-01+00%3A00%3A00&pointId=170 "HTTP/1.1 200 OK"
2026-06-20 16:30:29,676 INFO httpx HTTP Request: GET https://api.sbis.ru/retail/order/list?fromDateTime=2026-04-01+00%3A00%3A00&page=19&pageSize=200&toDateTime=2026-05-01+00%3A00%3A00&pointId=170 "HTTP/1.1 200 OK"
2026-06-20 16:30:32,076 INFO httpx HTTP Request: GET https://api.sbis.ru/retail/order/list?fromDateTime=2026-04-01+00%3A00%3A00&page=20&pageSize=200&toDateTime=2026-05-01+00%3A00%3A00&pointId=170 "HTTP/1.1 200 OK"
2026-06-20 16:30:34,775 INFO httpx HTTP Request: GET https://api.sbis.ru/retail/order/list?fromDateTime=2026-04-01+00%3A00%3A00&page=21&pageSize=200&toDateTime=2026-05-01+00%3A00%3A00&pointId=170 "HTTP/1.1 200 OK"
2026-06-20 16:30:37,282 INFO httpx HTTP Request: GET https://api.sbis.ru/retail/order/list?fromDateTime=2026-04-01+00%3A00%3A00&page=22&pageSize=200&toDateTime=2026-05-01+00%3A00%3A00&pointId=170 "HTTP/1.1 200 OK"
2026-06-20 16:30:39,825 INFO httpx HTTP Request: GET https://api.sbis.ru/retail/order/list?fromDateTime=2026-04-01+00%3A00%3A00&page=23&pageSize=200&toDateTime=2026-05-01+00%3A00%3A00&pointId=170 "HTTP/1.1 200 OK"
2026-06-20 16:30:42,389 INFO httpx HTTP Request: GET https://api.sbis.ru/retail/order/list?fromDateTime=2026-04-01+00%3A00%3A00&page=24&pageSize=200&toDateTime=2026-05-01+00%3A00%3A00&pointId=170 "HTTP/1.1 200 OK"
2026-06-20 16:30:45,006 INFO httpx HTTP Request: GET https://api.sbis.ru/retail/order/list?fromDateTime=2026-04-01+00%3A00%3A00&page=25&pageSize=200&toDateTime=2026-05-01+00%3A00%3A00&pointId=170 "HTTP/1.1 200 OK"
2026-06-20 16:30:47,983 INFO httpx HTTP Request: GET https://api.sbis.ru/retail/order/list?fromDateTime=2026-04-01+00%3A00%3A00&page=26&pageSize=200&toDateTime=2026-05-01+00%3A00%3A00&pointId=170 "HTTP/1.1 200 OK"
2026-06-20 16:30:50,487 INFO httpx HTTP Request: GET https://api.sbis.ru/retail/order/list?fromDateTime=2026-04-01+00%3A00%3A00&page=27&pageSize=200&toDateTime=2026-05-01+00%3A00%3A00&pointId=170 "HTTP/1.1 200 OK"
2026-06-20 16:30:53,262 INFO httpx HTTP Request: GET https://api.sbis.ru/retail/order/list?fromDateTime=2026-04-01+00%3A00%3A00&page=28&pageSize=200&toDateTime=2026-05-01+00%3A00%3A00&pointId=170 "HTTP/1.1 200 OK"
2026-06-20 16:30:55,932 INFO httpx HTTP Request: GET https://api.sbis.ru/retail/order/list?fromDateTime=2026-04-01+00%3A00%3A00&page=29&pageSize=200&toDateTime=2026-05-01+00%3A00%3A00&pointId=170 "HTTP/1.1 200 OK"
2026-06-20 16:30:58,669 INFO httpx HTTP Request: GET https://api.sbis.ru/retail/order/list?fromDateTime=2026-04-01+00%3A00%3A00&page=30&pageSize=200&toDateTime=2026-05-01+00%3A00%3A00&pointId=170 "HTTP/1.1 200 OK"
2026-06-20 16:31:01,196 INFO httpx HTTP Request: GET https://api.sbis.ru/retail/order/list?fromDateTime=2026-04-01+00%3A00%3A00&page=31&pageSize=200&toDateTime=2026-05-01+00%3A00%3A00&pointId=170 "HTTP/1.1 200 OK"
2026-06-20 16:31:03,972 INFO httpx HTTP Request: GET https://api.sbis.ru/retail/order/list?fromDateTime=2026-04-01+00%3A00%3A00&page=32&pageSize=200&toDateTime=2026-05-01+00%3A00%3A00&pointId=170 "HTTP/1.1 200 OK"
2026-06-20 16:31:06,660 INFO httpx HTTP Request: GET https://api.sbis.ru/retail/order/list?fromDateTime=2026-04-01+00%3A00%3A00&page=33&pageSize=200&toDateTime=2026-05-01+00%3A00%3A00&pointId=170 "HTTP/1.1 200 OK"
2026-06-20 16:31:08,911 INFO httpx HTTP Request: GET https://api.sbis.ru/retail/order/list?fromDateTime=2026-04-01+00%3A00%3A00&page=34&pageSize=200&toDateTime=2026-05-01+00%3A00%3A00&pointId=170 "HTTP/1.1 200 OK"
2026-06-20 16:31:11,688 INFO httpx HTTP Request: GET https://api.sbis.ru/retail/order/list?fromDateTime=2026-04-01+00%3A00%3A00&page=35&pageSize=200&toDateTime=2026-05-01+00%3A00%3A00&pointId=170 "HTTP/1.1 200 OK"
2026-06-20 16:31:14,476 INFO httpx HTTP Request: GET https://api.sbis.ru/retail/order/list?fromDateTime=2026-04-01+00%3A00%3A00&page=36&pageSize=200&toDateTime=2026-05-01+00%3A00%3A00&pointId=170 "HTTP/1.1 200 OK"
2026-06-20 16:31:17,199 INFO httpx HTTP Request: GET https://api.sbis.ru/retail/order/list?fromDateTime=2026-04-01+00%3A00%3A00&page=37&pageSize=200&toDateTime=2026-05-01+00%3A00%3A00&pointId=170 "HTTP/1.1 200 OK"
2026-06-20 16:31:19,760 INFO httpx HTTP Request: GET https://api.sbis.ru/retail/order/list?fromDateTime=2026-04-01+00%3A00%3A00&page=38&pageSize=200&toDateTime=2026-05-01+00%3A00%3A00&pointId=170 "HTTP/1.1 200 OK"
2026-06-20 16:31:22,505 INFO httpx HTTP Request: GET https://api.sbis.ru/retail/order/list?fromDateTime=2026-04-01+00%3A00%3A00&page=39&pageSize=200&toDateTime=2026-05-01+00%3A00%3A00&pointId=170 "HTTP/1.1 200 OK"
2026-06-20 16:31:24,910 INFO httpx HTTP Request: GET https://api.sbis.ru/retail/order/list?fromDateTime=2026-04-01+00%3A00%3A00&page=40&pageSize=200&toDateTime=2026-05-01+00%3A00%3A00&pointId=170 "HTTP/1.1 200 OK"
2026-06-20 16:31:27,702 INFO httpx HTTP Request: GET https://api.sbis.ru/retail/order/list?fromDateTime=2026-04-01+00%3A00%3A00&page=41&pageSize=200&toDateTime=2026-05-01+00%3A00%3A00&pointId=170 "HTTP/1.1 200 OK"
2026-06-20 16:31:30,411 INFO httpx HTTP Request: GET https://api.sbis.ru/retail/order/list?fromDateTime=2026-04-01+00%3A00%3A00&page=42&pageSize=200&toDateTime=2026-05-01+00%3A00%3A00&pointId=170 "HTTP/1.1 200 OK"
2026-06-20 16:31:33,152 INFO httpx HTTP Request: GET https://api.sbis.ru/retail/order/list?fromDateTime=2026-04-01+00%3A00%3A00&page=43&pageSize=200&toDateTime=2026-05-01+00%3A00%3A00&pointId=170 "HTTP/1.1 200 OK"
2026-06-20 16:31:34,457 INFO httpx HTTP Request: POST https://online.sbis.ru/oauth/service/ "HTTP/1.1 200 OK"
2026-06-20 16:31:35,428 INFO httpx HTTP Request: GET https://api.sbis.ru/retail/point/list?product=retail&page=0&pageSize=200 "HTTP/1.1 200 OK"
2026-06-20 16:31:35,739 INFO httpx HTTP Request: GET https://api.sbis.ru/retail/order/list?fromDateTime=2026-04-01+00%3A00%3A00&page=44&pageSize=200&toDateTime=2026-05-01+00%3A00%3A00&pointId=170 "HTTP/1.1 200 OK"
2026-06-20 16:31:36,073 INFO httpx HTTP Request: GET https://api.sbis.ru/retail/nomenclature/price-list?page=0&pageSize=100&pointId=25042&actualDate=2026-06-20 "HTTP/1.1 200 OK"
2026-06-20 16:31:36,077 INFO httpx HTTP Request: GET https://api.sbis.ru/retail/nomenclature/price-list?page=0&pageSize=100&pointId=2116&actualDate=2026-06-20 "HTTP/1.1 200 OK"
2026-06-20 16:31:36,119 INFO httpx HTTP Request: GET https://api.sbis.ru/retail/nomenclature/price-list?page=0&pageSize=100&pointId=204&actualDate=2026-06-20 "HTTP/1.1 200 OK"
2026-06-20 16:31:36,121 INFO httpx HTTP Request: GET https://api.sbis.ru/retail/nomenclature/price-list?page=0&pageSize=100&pointId=241&actualDate=2026-06-20 "HTTP/1.1 200 OK"
2026-06-20 16:31:36,124 INFO httpx HTTP Request: GET https://api.sbis.ru/retail/nomenclature/price-list?page=0&pageSize=100&pointId=20268&actualDate=2026-06-20 "HTTP/1.1 200 OK"
2026-06-20 16:31:36,142 INFO httpx HTTP Request: GET https://api.sbis.ru/retail/nomenclature/price-list?page=0&pageSize=100&pointId=170&actualDate=2026-06-20 "HTTP/1.1 200 OK"
2026-06-20 16:31:36,156 INFO httpx HTTP Request: GET https://api.sbis.ru/retail/nomenclature/price-list?page=0&pageSize=100&pointId=3900&actualDate=2026-06-20 "HTTP/1.1 200 OK"
2026-06-20 16:31:36,238 INFO src.backend.app.services.orchestrator sync_run completed
2026-06-20 16:31:38,220 INFO httpx HTTP Request: GET https://api.sbis.ru/retail/v2/nomenclature/list?withBalance=true&page=0&pageSize=500&pointId=170&priceListId=13 "HTTP/1.1 200 OK"
2026-06-20 16:31:38,371 WARNING src.backend.app.ingestion.stock Skipping stock row with invalid payload for store 170: None
2026-06-20 16:31:38,371 WARNING src.backend.app.ingestion.stock Skipping stock row with invalid payload for store 170: None
2026-06-20 16:31:38,372 WARNING src.backend.app.ingestion.stock Skipping stock row with invalid payload for store 170: None
2026-06-20 16:31:38,373 WARNING src.backend.app.ingestion.stock Skipping stock row with invalid payload for store 170: None
2026-06-20 16:31:38,374 WARNING src.backend.app.ingestion.stock Skipping stock row with invalid payload for store 170: None
2026-06-20 16:31:38,374 WARNING src.backend.app.ingestion.stock Skipping stock row with invalid payload for store 170: None
2026-06-20 16:31:38,374 WARNING src.backend.app.ingestion.stock Skipping stock row with invalid payload for store 170: None
2026-06-20 16:31:38,423 INFO httpx HTTP Request: GET https://api.sbis.ru/retail/order/list?fromDateTime=2026-04-01+00%3A00%3A00&page=45&pageSize=200&toDateTime=2026-05-01+00%3A00%3A00&pointId=170 "HTTP/1.1 200 OK"
2026-06-20 16:31:40,446 INFO httpx HTTP Request: GET https://api.sbis.ru/retail/v2/nomenclature/list?withBalance=true&page=1&pageSize=500&pointId=170&priceListId=13 "HTTP/1.1 200 OK"
2026-06-20 16:31:40,662 WARNING src.backend.app.ingestion.stock Skipping stock row with invalid payload for store 170: None
2026-06-20 16:31:40,665 WARNING src.backend.app.ingestion.stock Skipping stock row with invalid payload for store 170: None
2026-06-20 16:31:40,665 WARNING src.backend.app.ingestion.stock Skipping stock row with invalid payload for store 170: None
2026-06-20 16:31:40,665 WARNING src.backend.app.ingestion.stock Skipping stock row with invalid payload for store 170: None
2026-06-20 16:31:40,666 WARNING src.backend.app.ingestion.stock Skipping stock row with invalid payload for store 170: None
2026-06-20 16:31:41,165 INFO httpx HTTP Request: GET https://api.sbis.ru/retail/order/list?fromDateTime=2026-04-01+00%3A00%3A00&page=46&pageSize=200&toDateTime=2026-05-01+00%3A00%3A00&pointId=170 "HTTP/1.1 200 OK"
2026-06-20 16:31:41,460 INFO httpx HTTP Request: GET https://api.sbis.ru/retail/v2/nomenclature/list?withBalance=true&page=0&pageSize=100&pointId=170&priceListId=13&searchString=X1016836 "HTTP/1.1 200 OK"
2026-06-20 16:31:41,473 INFO httpx HTTP Request: GET https://api.sbis.ru/retail/v2/nomenclature/list?withBalance=true&page=0&pageSize=100&pointId=170&priceListId=13&searchString=X1196834 "HTTP/1.1 200 OK"
2026-06-20 16:31:41,498 INFO httpx HTTP Request: GET https://api.sbis.ru/retail/v2/nomenclature/list?withBalance=true&page=0&pageSize=100&pointId=170&priceListId=13&searchString=X1544116 "HTTP/1.1 200 OK"
2026-06-20 16:31:41,510 INFO httpx HTTP Request: GET https://api.sbis.ru/retail/v2/nomenclature/list?withBalance=true&page=0&pageSize=100&pointId=170&priceListId=13&searchString=X1930568 "HTTP/1.1 200 OK"
2026-06-20 16:31:41,523 INFO httpx HTTP Request: GET https://api.sbis.ru/retail/v2/nomenclature/list?withBalance=true&page=0&pageSize=100&pointId=170&priceListId=13&searchString=X1323944 "HTTP/1.1 200 OK"
2026-06-20 16:31:41,535 INFO httpx HTTP Request: GET https://api.sbis.ru/retail/v2/nomenclature/list?withBalance=true&page=0&pageSize=100&pointId=170&priceListId=13&searchString=X1889458 "HTTP/1.1 200 OK"
2026-06-20 16:31:41,546 INFO httpx HTTP Request: GET https://api.sbis.ru/retail/v2/nomenclature/list?withBalance=true&page=0&pageSize=100&pointId=170&priceListId=13&searchString=X2013503 "HTTP/1.1 200 OK"
2026-06-20 16:31:41,557 INFO httpx HTTP Request: GET https://api.sbis.ru/retail/v2/nomenclature/list?withBalance=true&page=0&pageSize=100&pointId=170&priceListId=13&searchString=X1376210 "HTTP/1.1 200 OK"
2026-06-20 16:31:41,558 INFO httpx HTTP Request: GET https://api.sbis.ru/retail/v2/nomenclature/list?withBalance=true&page=0&pageSize=100&pointId=170&priceListId=13&searchString=X148307 "HTTP/1.1 200 OK"
2026-06-20 16:31:41,580 INFO httpx HTTP Request: GET https://api.sbis.ru/retail/v2/nomenclature/list?withBalance=true&page=0&pageSize=100&pointId=170&priceListId=13&searchString=X1434152 "HTTP/1.1 200 OK"
2026-06-20 16:31:42,167 INFO httpx HTTP Request: GET https://api.sbis.ru/retail/v2/nomenclature/list?withBalance=true&page=0&pageSize=100&pointId=170&priceListId=13&searchString=X2957126 "HTTP/1.1 200 OK"
2026-06-20 16:31:42,198 INFO httpx HTTP Request: GET https://api.sbis.ru/retail/v2/nomenclature/list?withBalance=true&page=0&pageSize=100&pointId=170&priceListId=13&searchString=X256742 "HTTP/1.1 200 OK"
2026-06-20 16:31:42,222 INFO httpx HTTP Request: GET https://api.sbis.ru/retail/v2/nomenclature/list?withBalance=true&page=0&pageSize=100&pointId=170&priceListId=13&searchString=X2344308 "HTTP/1.1 200 OK"
2026-06-20 16:31:42,241 INFO httpx HTTP Request: GET https://api.sbis.ru/retail/v2/nomenclature/list?withBalance=true&page=0&pageSize=100&pointId=170&priceListId=13&searchString=X2087717 "HTTP/1.1 200 OK"
2026-06-20 16:31:42,241 INFO httpx HTTP Request: GET https://api.sbis.ru/retail/v2/nomenclature/list?withBalance=true&page=0&pageSize=100&pointId=170&priceListId=13&searchString=X2045044 "HTTP/1.1 200 OK"
2026-06-20 16:31:42,266 INFO httpx HTTP Request: GET https://api.sbis.ru/retail/v2/nomenclature/list?withBalance=true&page=0&pageSize=100&pointId=170&priceListId=13&searchString=X2625104 "HTTP/1.1 200 OK"
2026-06-20 16:31:42,266 INFO httpx HTTP Request: GET https://api.sbis.ru/retail/v2/nomenclature/list?withBalance=true&page=0&pageSize=100&pointId=170&priceListId=13&searchString=X2272676 "HTTP/1.1 200 OK"
2026-06-20 16:31:42,289 INFO httpx HTTP Request: GET https://api.sbis.ru/retail/v2/nomenclature/list?withBalance=true&page=0&pageSize=100&pointId=170&priceListId=13&searchString=X30847 "HTTP/1.1 200 OK"
2026-06-20 16:31:42,310 INFO httpx HTTP Request: GET https://api.sbis.ru/retail/v2/nomenclature/list?withBalance=true&page=0&pageSize=100&pointId=170&priceListId=13&searchString=X2844023 "HTTP/1.1 200 OK"
2026-06-20 16:31:42,325 INFO httpx HTTP Request: GET https://api.sbis.ru/retail/v2/nomenclature/list?withBalance=true&page=0&pageSize=100&pointId=170&priceListId=13&searchString=X2681527 "HTTP/1.1 200 OK"
2026-06-20 16:31:42,887 INFO httpx HTTP Request: GET https://api.sbis.ru/retail/v2/nomenclature/list?withBalance=true&page=0&pageSize=100&pointId=170&priceListId=13&searchString=X317557 "HTTP/1.1 200 OK"
2026-06-20 16:31:42,918 INFO httpx HTTP Request: GET https://api.sbis.ru/retail/v2/nomenclature/list?withBalance=true&page=0&pageSize=100&pointId=170&priceListId=13&searchString=X3454000 "HTTP/1.1 200 OK"
2026-06-20 16:31:42,919 INFO httpx HTTP Request: GET https://api.sbis.ru/retail/v2/nomenclature/list?withBalance=true&page=0&pageSize=100&pointId=170&priceListId=13&searchString=X3166124 "HTTP/1.1 200 OK"
2026-06-20 16:31:42,962 INFO httpx HTTP Request: GET https://api.sbis.ru/retail/v2/nomenclature/list?withBalance=true&page=0&pageSize=100&pointId=170&priceListId=13&searchString=X3489158 "HTTP/1.1 200 OK"
2026-06-20 16:31:42,978 INFO httpx HTTP Request: GET https://api.sbis.ru/retail/v2/nomenclature/list?withBalance=true&page=0&pageSize=100&pointId=170&priceListId=13&searchString=X3488707 "HTTP/1.1 200 OK"
2026-06-20 16:31:42,993 INFO httpx HTTP Request: GET https://api.sbis.ru/retail/v2/nomenclature/list?withBalance=true&page=0&pageSize=100&pointId=170&priceListId=13&searchString=X429454 "HTTP/1.1 200 OK"
2026-06-20 16:31:42,994 INFO httpx HTTP Request: GET https://api.sbis.ru/retail/v2/nomenclature/list?withBalance=true&page=0&pageSize=100&pointId=170&priceListId=13&searchString=X4250003 "HTTP/1.1 200 OK"
2026-06-20 16:31:43,016 INFO httpx HTTP Request: GET https://api.sbis.ru/retail/v2/nomenclature/list?withBalance=true&page=0&pageSize=100&pointId=170&priceListId=13&searchString=X3982883 "HTTP/1.1 200 OK"
2026-06-20 16:31:43,027 INFO httpx HTTP Request: GET https://api.sbis.ru/retail/v2/nomenclature/list?withBalance=true&page=0&pageSize=100&pointId=170&priceListId=13&searchString=X384693 "HTTP/1.1 200 OK"
2026-06-20 16:31:43,027 INFO httpx HTTP Request: GET https://api.sbis.ru/retail/v2/nomenclature/list?withBalance=true&page=0&pageSize=100&pointId=170&priceListId=13&searchString=X4152753 "HTTP/1.1 200 OK"
2026-06-20 16:31:43,599 INFO httpx HTTP Request: GET https://api.sbis.ru/retail/v2/nomenclature/list?withBalance=true&page=0&pageSize=100&pointId=170&priceListId=13&searchString=X448088 "HTTP/1.1 200 OK"
2026-06-20 16:31:43,632 INFO httpx HTTP Request: GET https://api.sbis.ru/retail/v2/nomenclature/list?withBalance=true&page=0&pageSize=100&pointId=170&priceListId=13&searchString=X4375504 "HTTP/1.1 200 OK"
2026-06-20 16:31:43,650 INFO httpx HTTP Request: GET https://api.sbis.ru/retail/v2/nomenclature/list?withBalance=true&page=0&pageSize=100&pointId=170&priceListId=13&searchString=X4524339 "HTTP/1.1 200 OK"
2026-06-20 16:31:43,670 INFO httpx HTTP Request: GET https://api.sbis.ru/retail/v2/nomenclature/list?withBalance=true&page=0&pageSize=100&pointId=170&priceListId=13&searchString=X5055339 "HTTP/1.1 200 OK"
2026-06-20 16:31:43,685 INFO httpx HTTP Request: GET https://api.sbis.ru/retail/v2/nomenclature/list?withBalance=true&page=0&pageSize=100&pointId=170&priceListId=13&searchString=X4864317 "HTTP/1.1 200 OK"
2026-06-20 16:31:43,685 INFO httpx HTTP Request: GET https://api.sbis.ru/retail/v2/nomenclature/list?withBalance=true&page=0&pageSize=100&pointId=170&priceListId=13&searchString=X5334605 "HTTP/1.1 200 OK"
2026-06-20 16:31:43,708 INFO httpx HTTP Request: GET https://api.sbis.ru/retail/v2/nomenclature/list?withBalance=true&page=0&pageSize=100&pointId=170&priceListId=13&searchString=X5239777 "HTTP/1.1 200 OK"
2026-06-20 16:31:43,720 INFO httpx HTTP Request: GET https://api.sbis.ru/retail/v2/nomenclature/list?withBalance=true&page=0&pageSize=100&pointId=170&priceListId=13&searchString=X554545 "HTTP/1.1 200 OK"
2026-06-20 16:31:43,750 INFO httpx HTTP Request: GET https://api.sbis.ru/retail/v2/nomenclature/list?withBalance=true&page=0&pageSize=100&pointId=170&priceListId=13&searchString=X5364562 "HTTP/1.1 200 OK"
2026-06-20 16:31:43,751 INFO httpx HTTP Request: GET https://api.sbis.ru/retail/v2/nomenclature/list?withBalance=true&page=0&pageSize=100&pointId=170&priceListId=13&searchString=X5241077 "HTTP/1.1 200 OK"
2026-06-20 16:31:43,853 INFO httpx HTTP Request: GET https://api.sbis.ru/retail/order/list?fromDateTime=2026-04-01+00%3A00%3A00&page=47&pageSize=200&toDateTime=2026-05-01+00%3A00%3A00&pointId=170 "HTTP/1.1 200 OK"
2026-06-20 16:31:44,339 INFO httpx HTTP Request: GET https://api.sbis.ru/retail/v2/nomenclature/list?withBalance=true&page=0&pageSize=100&pointId=170&priceListId=13&searchString=X5997691 "HTTP/1.1 200 OK"
2026-06-20 16:31:44,374 INFO httpx HTTP Request: GET https://api.sbis.ru/retail/v2/nomenclature/list?withBalance=true&page=0&pageSize=100&pointId=170&priceListId=13&searchString=X572024 "HTTP/1.1 200 OK"
2026-06-20 16:31:44,375 INFO httpx HTTP Request: GET https://api.sbis.ru/retail/v2/nomenclature/list?withBalance=true&page=0&pageSize=100&pointId=170&priceListId=13&searchString=X5877346 "HTTP/1.1 200 OK"
2026-06-20 16:31:44,407 INFO httpx HTTP Request: GET https://api.sbis.ru/retail/v2/nomenclature/list?withBalance=true&page=0&pageSize=100&pointId=170&priceListId=13&searchString=X6228021 "HTTP/1.1 200 OK"
2026-06-20 16:31:44,424 INFO httpx HTTP Request: GET https://api.sbis.ru/retail/v2/nomenclature/list?withBalance=true&page=0&pageSize=100&pointId=170&priceListId=13&searchString=X5998076 "HTTP/1.1 200 OK"
2026-06-20 16:31:44,436 INFO httpx HTTP Request: GET https://api.sbis.ru/retail/v2/nomenclature/list?withBalance=true&page=0&pageSize=100&pointId=170&priceListId=13&searchString=X6353582 "HTTP/1.1 200 OK"
2026-06-20 16:31:44,448 INFO httpx HTTP Request: GET https://api.sbis.ru/retail/v2/nomenclature/list?withBalance=true&page=0&pageSize=100&pointId=170&priceListId=13&searchString=X6181860 "HTTP/1.1 200 OK"
2026-06-20 16:31:44,449 INFO httpx HTTP Request: GET https://api.sbis.ru/retail/v2/nomenclature/list?withBalance=true&page=0&pageSize=100&pointId=170&priceListId=13&searchString=X6386869 "HTTP/1.1 200 OK"
2026-06-20 16:31:44,449 INFO httpx HTTP Request: GET https://api.sbis.ru/retail/v2/nomenclature/list?withBalance=true&page=0&pageSize=100&pointId=170&priceListId=13&searchString=X6333835 "HTTP/1.1 200 OK"
2026-06-20 16:31:44,481 INFO httpx HTTP Request: GET https://api.sbis.ru/retail/v2/nomenclature/list?withBalance=true&page=0&pageSize=100&pointId=170&priceListId=13&searchString=X607503 "HTTP/1.1 200 OK"
2026-06-20 16:31:45,034 INFO httpx HTTP Request: GET https://api.sbis.ru/retail/v2/nomenclature/list?withBalance=true&page=0&pageSize=100&pointId=170&priceListId=13&searchString=X6503678 "HTTP/1.1 200 OK"
2026-06-20 16:31:45,102 INFO httpx HTTP Request: GET https://api.sbis.ru/retail/v2/nomenclature/list?withBalance=true&page=0&pageSize=100&pointId=170&priceListId=13&searchString=X6437665 "HTTP/1.1 200 OK"
2026-06-20 16:31:45,123 INFO httpx HTTP Request: GET https://api.sbis.ru/retail/v2/nomenclature/list?withBalance=true&page=0&pageSize=100&pointId=170&priceListId=13&searchString=X6401232 "HTTP/1.1 200 OK"
2026-06-20 16:31:45,139 INFO httpx HTTP Request: GET https://api.sbis.ru/retail/v2/nomenclature/list?withBalance=true&page=0&pageSize=100&pointId=170&priceListId=13&searchString=X6578043 "HTTP/1.1 200 OK"
2026-06-20 16:31:45,159 INFO httpx HTTP Request: GET https://api.sbis.ru/retail/v2/nomenclature/list?withBalance=true&page=0&pageSize=100&pointId=170&priceListId=13&searchString=X6464844 "HTTP/1.1 200 OK"
2026-06-20 16:31:45,172 INFO httpx HTTP Request: GET https://api.sbis.ru/retail/v2/nomenclature/list?withBalance=true&page=0&pageSize=100&pointId=170&priceListId=13&searchString=X74133 "HTTP/1.1 200 OK"
2026-06-20 16:31:45,172 INFO httpx HTTP Request: GET https://api.sbis.ru/retail/v2/nomenclature/list?withBalance=true&page=0&pageSize=100&pointId=170&priceListId=13&searchString=X6608068 "HTTP/1.1 200 OK"
2026-06-20 16:31:45,172 INFO httpx HTTP Request: GET https://api.sbis.ru/retail/v2/nomenclature/list?withBalance=true&page=0&pageSize=100&pointId=170&priceListId=13&searchString=X7226503 "HTTP/1.1 200 OK"
2026-06-20 16:31:45,205 INFO httpx HTTP Request: GET https://api.sbis.ru/retail/v2/nomenclature/list?withBalance=true&page=0&pageSize=100&pointId=170&priceListId=13&searchString=X7130629 "HTTP/1.1 200 OK"
2026-06-20 16:31:45,206 INFO httpx HTTP Request: GET https://api.sbis.ru/retail/v2/nomenclature/list?withBalance=true&page=0&pageSize=100&pointId=170&priceListId=13&searchString=X6729114 "HTTP/1.1 200 OK"
2026-06-20 16:31:45,752 INFO httpx HTTP Request: GET https://api.sbis.ru/retail/v2/nomenclature/list?withBalance=true&page=0&pageSize=100&pointId=170&priceListId=13&searchString=X7596816 "HTTP/1.1 200 OK"
2026-06-20 16:31:45,784 INFO httpx HTTP Request: GET https://api.sbis.ru/retail/v2/nomenclature/list?withBalance=true&page=0&pageSize=100&pointId=170&priceListId=13&searchString=X7478640 "HTTP/1.1 200 OK"
2026-06-20 16:31:45,812 INFO httpx HTTP Request: GET https://api.sbis.ru/retail/v2/nomenclature/list?withBalance=true&page=0&pageSize=100&pointId=170&priceListId=13&searchString=X7584433 "HTTP/1.1 200 OK"
2026-06-20 16:31:45,826 INFO httpx HTTP Request: GET https://api.sbis.ru/retail/v2/nomenclature/list?withBalance=true&page=0&pageSize=100&pointId=170&priceListId=13&searchString=X7509948 "HTTP/1.1 200 OK"
2026-06-20 16:31:45,844 INFO httpx HTTP Request: GET https://api.sbis.ru/retail/v2/nomenclature/list?withBalance=true&page=0&pageSize=100&pointId=170&priceListId=13&searchString=X7551710 "HTTP/1.1 200 OK"
2026-06-20 16:31:45,872 INFO httpx HTTP Request: GET https://api.sbis.ru/retail/v2/nomenclature/list?withBalance=true&page=0&pageSize=100&pointId=170&priceListId=13&searchString=X7840533 "HTTP/1.1 200 OK"
2026-06-20 16:31:45,884 INFO httpx HTTP Request: GET https://api.sbis.ru/retail/v2/nomenclature/list?withBalance=true&page=0&pageSize=100&pointId=170&priceListId=13&searchString=X7640022 "HTTP/1.1 200 OK"
2026-06-20 16:31:45,916 INFO httpx HTTP Request: GET https://api.sbis.ru/retail/v2/nomenclature/list?withBalance=true&page=0&pageSize=100&pointId=170&priceListId=13&searchString=X7922240 "HTTP/1.1 200 OK"
2026-06-20 16:31:45,944 INFO httpx HTTP Request: GET https://api.sbis.ru/retail/v2/nomenclature/list?withBalance=true&page=0&pageSize=100&pointId=170&priceListId=13&searchString=X7702945 "HTTP/1.1 200 OK"
2026-06-20 16:31:45,945 INFO httpx HTTP Request: GET https://api.sbis.ru/retail/v2/nomenclature/list?withBalance=true&page=0&pageSize=100&pointId=170&priceListId=13&searchString=X7659478 "HTTP/1.1 200 OK"
2026-06-20 16:31:46,310 INFO httpx HTTP Request: GET https://api.sbis.ru/retail/order/list?fromDateTime=2026-04-01+00%3A00%3A00&page=48&pageSize=200&toDateTime=2026-05-01+00%3A00%3A00&pointId=170 "HTTP/1.1 200 OK"
2026-06-20 16:31:46,463 INFO httpx HTTP Request: GET https://api.sbis.ru/retail/v2/nomenclature/list?withBalance=true&page=0&pageSize=100&pointId=170&priceListId=13&searchString=X7998115 "HTTP/1.1 200 OK"
2026-06-20 16:31:46,493 INFO httpx HTTP Request: GET https://api.sbis.ru/retail/v2/nomenclature/list?withBalance=true&page=0&pageSize=100&pointId=170&priceListId=13&searchString=X8026576 "HTTP/1.1 200 OK"
2026-06-20 16:31:46,494 INFO httpx HTTP Request: GET https://api.sbis.ru/retail/v2/nomenclature/list?withBalance=true&page=0&pageSize=100&pointId=170&priceListId=13&searchString=X7971619 "HTTP/1.1 200 OK"
2026-06-20 16:31:46,537 INFO httpx HTTP Request: GET https://api.sbis.ru/retail/v2/nomenclature/list?withBalance=true&page=0&pageSize=100&pointId=170&priceListId=13&searchString=X807153 "HTTP/1.1 200 OK"
2026-06-20 16:31:46,554 INFO httpx HTTP Request: GET https://api.sbis.ru/retail/v2/nomenclature/list?withBalance=true&page=0&pageSize=100&pointId=170&priceListId=13&searchString=X8035317 "HTTP/1.1 200 OK"
2026-06-20 16:31:46,583 INFO httpx HTTP Request: GET https://api.sbis.ru/retail/v2/nomenclature/list?withBalance=true&page=0&pageSize=100&pointId=170&priceListId=13&searchString=X8124430 "HTTP/1.1 200 OK"
2026-06-20 16:31:46,597 INFO httpx HTTP Request: GET https://api.sbis.ru/retail/v2/nomenclature/list?withBalance=true&page=0&pageSize=100&pointId=170&priceListId=13&searchString=X8081831 "HTTP/1.1 200 OK"
2026-06-20 16:31:46,611 INFO httpx HTTP Request: GET https://api.sbis.ru/retail/v2/nomenclature/list?withBalance=true&page=0&pageSize=100&pointId=170&priceListId=13&searchString=X8177837 "HTTP/1.1 200 OK"
2026-06-20 16:31:46,624 INFO httpx HTTP Request: GET https://api.sbis.ru/retail/v2/nomenclature/list?withBalance=true&page=0&pageSize=100&pointId=170&priceListId=13&searchString=X8248484 "HTTP/1.1 200 OK"
2026-06-20 16:31:46,644 INFO httpx HTTP Request: GET https://api.sbis.ru/retail/v2/nomenclature/list?withBalance=true&page=0&pageSize=100&pointId=170&priceListId=13&searchString=X8249791 "HTTP/1.1 200 OK"
2026-06-20 16:31:47,172 INFO httpx HTTP Request: GET https://api.sbis.ru/retail/v2/nomenclature/list?withBalance=true&page=0&pageSize=100&pointId=170&priceListId=13&searchString=X8313761 "HTTP/1.1 200 OK"
2026-06-20 16:31:47,204 INFO httpx HTTP Request: GET https://api.sbis.ru/retail/v2/nomenclature/list?withBalance=true&page=0&pageSize=100&pointId=170&priceListId=13&searchString=X8358934 "HTTP/1.1 200 OK"
2026-06-20 16:31:47,223 INFO httpx HTTP Request: GET https://api.sbis.ru/retail/v2/nomenclature/list?withBalance=true&page=0&pageSize=100&pointId=170&priceListId=13&searchString=X8656949 "HTTP/1.1 200 OK"
2026-06-20 16:31:47,223 INFO httpx HTTP Request: GET https://api.sbis.ru/retail/v2/nomenclature/list?withBalance=true&page=0&pageSize=100&pointId=170&priceListId=13&searchString=X8700663 "HTTP/1.1 200 OK"
2026-06-20 16:31:47,250 INFO httpx HTTP Request: GET https://api.sbis.ru/retail/v2/nomenclature/list?withBalance=true&page=0&pageSize=100&pointId=170&priceListId=13&searchString=X8399051 "HTTP/1.1 200 OK"
2026-06-20 16:31:47,274 INFO httpx HTTP Request: GET https://api.sbis.ru/retail/v2/nomenclature/list?withBalance=true&page=0&pageSize=100&pointId=170&priceListId=13&searchString=X8721250 "HTTP/1.1 200 OK"
2026-06-20 16:31:47,286 INFO httpx HTTP Request: GET https://api.sbis.ru/retail/v2/nomenclature/list?withBalance=true&page=0&pageSize=100&pointId=170&priceListId=13&searchString=X8783690 "HTTP/1.1 200 OK"
2026-06-20 16:31:47,313 INFO httpx HTTP Request: GET https://api.sbis.ru/retail/v2/nomenclature/list?withBalance=true&page=0&pageSize=100&pointId=170&priceListId=13&searchString=X8744110 "HTTP/1.1 200 OK"
2026-06-20 16:31:47,324 INFO httpx HTTP Request: GET https://api.sbis.ru/retail/v2/nomenclature/list?withBalance=true&page=0&pageSize=100&pointId=170&priceListId=13&searchString=X8765407 "HTTP/1.1 200 OK"
2026-06-20 16:31:47,345 INFO httpx HTTP Request: GET https://api.sbis.ru/retail/v2/nomenclature/list?withBalance=true&page=0&pageSize=100&pointId=170&priceListId=13&searchString=X8810846 "HTTP/1.1 200 OK"
2026-06-20 16:31:47,897 INFO httpx HTTP Request: GET https://api.sbis.ru/retail/v2/nomenclature/list?withBalance=true&page=0&pageSize=100&pointId=170&priceListId=13&searchString=X8849526 "HTTP/1.1 200 OK"
2026-06-20 16:31:47,931 INFO httpx HTTP Request: GET https://api.sbis.ru/retail/v2/nomenclature/list?withBalance=true&page=0&pageSize=100&pointId=170&priceListId=13&searchString=X9285091 "HTTP/1.1 200 OK"
2026-06-20 16:31:47,933 INFO httpx HTTP Request: GET https://api.sbis.ru/retail/v2/nomenclature/list?withBalance=true&page=0&pageSize=100&pointId=170&priceListId=13&searchString=X9541106 "HTTP/1.1 200 OK"
2026-06-20 16:31:47,947 INFO httpx HTTP Request: GET https://api.sbis.ru/retail/v2/nomenclature/list?withBalance=true&page=0&pageSize=100&pointId=170&priceListId=13&searchString=X9260806 "HTTP/1.1 200 OK"
2026-06-20 16:31:47,983 INFO httpx HTTP Request: GET https://api.sbis.ru/retail/v2/nomenclature/list?withBalance=true&page=0&pageSize=100&pointId=170&priceListId=13&searchString=X9627238 "HTTP/1.1 200 OK"
2026-06-20 16:31:47,985 INFO httpx HTTP Request: GET https://api.sbis.ru/retail/v2/nomenclature/list?withBalance=true&page=0&pageSize=100&pointId=170&priceListId=13&searchString=X9502404 "HTTP/1.1 200 OK"
2026-06-20 16:31:47,990 INFO httpx HTTP Request: GET https://api.sbis.ru/retail/v2/nomenclature/list?withBalance=true&page=0&pageSize=100&pointId=170&priceListId=13&searchString=X9847596 "HTTP/1.1 200 OK"
2026-06-20 16:31:48,014 INFO httpx HTTP Request: GET https://api.sbis.ru/retail/v2/nomenclature/list?withBalance=true&page=0&pageSize=100&pointId=170&priceListId=13&searchString=X9766737 "HTTP/1.1 200 OK"
2026-06-20 16:31:48,210 INFO src.backend.app.services.orchestrator sync_run completed
2026-06-20 16:31:48,213 INFO src.backend.app.services.orchestrator Skipping sync, lock held: entity=SyncEntity.sales store_id=170
2026-06-20 16:31:49,038 INFO httpx HTTP Request: GET https://api.sbis.ru/retail/v2/nomenclature/list?withBalance=true&page=0&pageSize=500&pointId=204&priceListId=53 "HTTP/1.1 200 OK"
2026-06-20 16:31:49,041 WARNING src.backend.app.ingestion.stock Skipping stock row with invalid payload for store 204: None
2026-06-20 16:31:49,089 INFO httpx HTTP Request: GET https://api.sbis.ru/retail/order/list?fromDateTime=2026-04-01+00%3A00%3A00&page=49&pageSize=200&toDateTime=2026-05-01+00%3A00%3A00&pointId=170 "HTTP/1.1 200 OK"
2026-06-20 16:31:49,752 INFO httpx HTTP Request: GET https://api.sbis.ru/retail/v2/nomenclature/list?withBalance=true&page=0&pageSize=100&pointId=204&priceListId=53&searchString=X2617256 "HTTP/1.1 200 OK"
2026-06-20 16:31:49,801 INFO httpx HTTP Request: GET https://api.sbis.ru/retail/v2/nomenclature/list?withBalance=true&page=0&pageSize=100&pointId=204&priceListId=53&searchString=X3096342 "HTTP/1.1 200 OK"
2026-06-20 16:31:49,836 INFO src.backend.app.services.orchestrator sync_run completed
2026-06-20 16:31:51,400 INFO httpx HTTP Request: GET https://api.sbis.ru/retail/order/list?fromDateTime=2026-04-01+00%3A00%3A00&page=0&pageSize=200&toDateTime=2026-05-01+00%3A00%3A00&pointId=204 "HTTP/1.1 200 OK"
2026-06-20 16:31:51,742 INFO httpx HTTP Request: GET https://api.sbis.ru/retail/order/list?fromDateTime=2026-04-01+00%3A00%3A00&page=50&pageSize=200&toDateTime=2026-05-01+00%3A00%3A00&pointId=170 "HTTP/1.1 200 OK"
2026-06-20 16:31:53,472 INFO httpx HTTP Request: GET https://api.sbis.ru/retail/order/list?fromDateTime=2026-04-01+00%3A00%3A00&page=1&pageSize=200&toDateTime=2026-05-01+00%3A00%3A00&pointId=204 "HTTP/1.1 200 OK"
2026-06-20 16:31:54,217 INFO httpx HTTP Request: GET https://api.sbis.ru/retail/order/list?fromDateTime=2026-04-01+00%3A00%3A00&page=51&pageSize=200&toDateTime=2026-05-01+00%3A00%3A00&pointId=170 "HTTP/1.1 200 OK"
2026-06-20 16:31:55,768 INFO httpx HTTP Request: GET https://api.sbis.ru/retail/order/list?fromDateTime=2026-04-01+00%3A00%3A00&page=2&pageSize=200&toDateTime=2026-05-01+00%3A00%3A00&pointId=204 "HTTP/1.1 200 OK"
2026-06-20 16:31:57,886 INFO httpx HTTP Request: GET https://api.sbis.ru/retail/order/list?fromDateTime=2026-04-01+00%3A00%3A00&page=52&pageSize=200&toDateTime=2026-05-01+00%3A00%3A00&pointId=170 "HTTP/1.1 200 OK"
2026-06-20 16:31:57,939 INFO httpx HTTP Request: GET https://api.sbis.ru/retail/order/list?fromDateTime=2026-04-01+00%3A00%3A00&page=3&pageSize=200&toDateTime=2026-05-01+00%3A00%3A00&pointId=204 "HTTP/1.1 200 OK"
2026-06-20 16:31:59,780 INFO httpx HTTP Request: GET https://api.sbis.ru/retail/order/list?fromDateTime=2026-04-01+00%3A00%3A00&page=4&pageSize=200&toDateTime=2026-05-01+00%3A00%3A00&pointId=204 "HTTP/1.1 200 OK"
2026-06-20 16:32:00,382 INFO httpx HTTP Request: GET https://api.sbis.ru/retail/order/list?fromDateTime=2026-04-01+00%3A00%3A00&page=53&pageSize=200&toDateTime=2026-05-01+00%3A00%3A00&pointId=170 "HTTP/1.1 200 OK"
2026-06-20 16:32:01,642 INFO httpx HTTP Request: GET https://api.sbis.ru/retail/order/list?fromDateTime=2026-04-01+00%3A00%3A00&page=5&pageSize=200&toDateTime=2026-05-01+00%3A00%3A00&pointId=204 "HTTP/1.1 200 OK"
2026-06-20 16:32:03,178 INFO httpx HTTP Request: GET https://api.sbis.ru/retail/order/list?fromDateTime=2026-04-01+00%3A00%3A00&page=54&pageSize=200&toDateTime=2026-05-01+00%3A00%3A00&pointId=170 "HTTP/1.1 200 OK"
2026-06-20 16:32:03,986 INFO httpx HTTP Request: GET https://api.sbis.ru/retail/order/list?fromDateTime=2026-04-01+00%3A00%3A00&page=6&pageSize=200&toDateTime=2026-05-01+00%3A00%3A00&pointId=204 "HTTP/1.1 200 OK"
2026-06-20 16:32:05,679 INFO httpx HTTP Request: GET https://api.sbis.ru/retail/order/list?fromDateTime=2026-04-01+00%3A00%3A00&page=55&pageSize=200&toDateTime=2026-05-01+00%3A00%3A00&pointId=170 "HTTP/1.1 200 OK"
2026-06-20 16:32:06,074 INFO httpx HTTP Request: GET https://api.sbis.ru/retail/order/list?fromDateTime=2026-04-01+00%3A00%3A00&page=7&pageSize=200&toDateTime=2026-05-01+00%3A00%3A00&pointId=204 "HTTP/1.1 200 OK"
2026-06-20 16:32:08,225 INFO httpx HTTP Request: GET https://api.sbis.ru/retail/order/list?fromDateTime=2026-04-01+00%3A00%3A00&page=56&pageSize=200&toDateTime=2026-05-01+00%3A00%3A00&pointId=170 "HTTP/1.1 200 OK"
2026-06-20 16:32:08,237 INFO httpx HTTP Request: GET https://api.sbis.ru/retail/order/list?fromDateTime=2026-04-01+00%3A00%3A00&page=8&pageSize=200&toDateTime=2026-05-01+00%3A00%3A00&pointId=204 "HTTP/1.1 200 OK"
2026-06-20 16:32:10,217 INFO httpx HTTP Request: GET https://api.sbis.ru/retail/order/list?fromDateTime=2026-04-01+00%3A00%3A00&page=9&pageSize=200&toDateTime=2026-05-01+00%3A00%3A00&pointId=204 "HTTP/1.1 200 OK"
2026-06-20 16:32:10,779 INFO httpx HTTP Request: GET https://api.sbis.ru/retail/order/list?fromDateTime=2026-04-01+00%3A00%3A00&page=57&pageSize=200&toDateTime=2026-05-01+00%3A00%3A00&pointId=170 "HTTP/1.1 200 OK"
2026-06-20 16:32:12,222 INFO httpx HTTP Request: GET https://api.sbis.ru/retail/order/list?fromDateTime=2026-04-01+00%3A00%3A00&page=10&pageSize=200&toDateTime=2026-05-01+00%3A00%3A00&pointId=204 "HTTP/1.1 200 OK"
2026-06-20 16:32:13,419 INFO httpx HTTP Request: GET https://api.sbis.ru/retail/order/list?fromDateTime=2026-04-01+00%3A00%3A00&page=58&pageSize=200&toDateTime=2026-05-01+00%3A00%3A00&pointId=170 "HTTP/1.1 200 OK"
2026-06-20 16:32:14,361 INFO httpx HTTP Request: GET https://api.sbis.ru/retail/order/list?fromDateTime=2026-04-01+00%3A00%3A00&page=11&pageSize=200&toDateTime=2026-05-01+00%3A00%3A00&pointId=204 "HTTP/1.1 200 OK"
2026-06-20 16:32:15,978 INFO httpx HTTP Request: GET https://api.sbis.ru/retail/order/list?fromDateTime=2026-04-01+00%3A00%3A00&page=59&pageSize=200&toDateTime=2026-05-01+00%3A00%3A00&pointId=170 "HTTP/1.1 200 OK"
2026-06-20 16:32:16,032 INFO httpx HTTP Request: GET https://api.sbis.ru/retail/order/list?fromDateTime=2026-04-01+00%3A00%3A00&page=12&pageSize=200&toDateTime=2026-05-01+00%3A00%3A00&pointId=204 "HTTP/1.1 200 OK"
2026-06-20 16:32:18,156 INFO httpx HTTP Request: GET https://api.sbis.ru/retail/order/list?fromDateTime=2026-04-01+00%3A00%3A00&page=13&pageSize=200&toDateTime=2026-05-01+00%3A00%3A00&pointId=204 "HTTP/1.1 200 OK"
2026-06-20 16:32:18,753 INFO httpx HTTP Request: GET https://api.sbis.ru/retail/order/list?fromDateTime=2026-04-01+00%3A00%3A00&page=60&pageSize=200&toDateTime=2026-05-01+00%3A00%3A00&pointId=170 "HTTP/1.1 200 OK"
2026-06-20 16:32:20,279 INFO httpx HTTP Request: GET https://api.sbis.ru/retail/order/list?fromDateTime=2026-04-01+00%3A00%3A00&page=14&pageSize=200&toDateTime=2026-05-01+00%3A00%3A00&pointId=204 "HTTP/1.1 200 OK"
2026-06-20 16:32:21,405 INFO httpx HTTP Request: GET https://api.sbis.ru/retail/order/list?fromDateTime=2026-04-01+00%3A00%3A00&page=61&pageSize=200&toDateTime=2026-05-01+00%3A00%3A00&pointId=170 "HTTP/1.1 200 OK"
2026-06-20 16:32:22,500 INFO httpx HTTP Request: GET https://api.sbis.ru/retail/order/list?fromDateTime=2026-04-01+00%3A00%3A00&page=15&pageSize=200&toDateTime=2026-05-01+00%3A00%3A00&pointId=204 "HTTP/1.1 200 OK"
2026-06-20 16:32:24,069 INFO httpx HTTP Request: GET https://api.sbis.ru/retail/order/list?fromDateTime=2026-04-01+00%3A00%3A00&page=62&pageSize=200&toDateTime=2026-05-01+00%3A00%3A00&pointId=170 "HTTP/1.1 200 OK"
2026-06-20 16:32:24,072 INFO httpx HTTP Request: GET https://api.sbis.ru/retail/order/list?fromDateTime=2026-04-01+00%3A00%3A00&page=16&pageSize=200&toDateTime=2026-05-01+00%3A00%3A00&pointId=204 "HTTP/1.1 200 OK"
2026-06-20 16:32:26,365 INFO httpx HTTP Request: GET https://api.sbis.ru/retail/order/list?fromDateTime=2026-05-01+00%3A00%3A00&page=0&pageSize=200&toDateTime=2026-06-01+00%3A00%3A00&pointId=204 "HTTP/1.1 200 OK"
2026-06-20 16:32:26,368 INFO httpx HTTP Request: GET https://api.sbis.ru/retail/order/list?fromDateTime=2026-04-01+00%3A00%3A00&page=63&pageSize=200&toDateTime=2026-05-01+00%3A00%3A00&pointId=170 "HTTP/1.1 200 OK"
2026-06-20 16:32:28,160 INFO httpx HTTP Request: GET https://api.sbis.ru/retail/order/list?fromDateTime=2026-05-01+00%3A00%3A00&page=1&pageSize=200&toDateTime=2026-06-01+00%3A00%3A00&pointId=204 "HTTP/1.1 200 OK"
2026-06-20 16:32:28,970 INFO httpx HTTP Request: GET https://api.sbis.ru/retail/order/list?fromDateTime=2026-04-01+00%3A00%3A00&page=64&pageSize=200&toDateTime=2026-05-01+00%3A00%3A00&pointId=170 "HTTP/1.1 200 OK"
2026-06-20 16:32:30,315 INFO httpx HTTP Request: GET https://api.sbis.ru/retail/order/list?fromDateTime=2026-04-01+00%3A00%3A00&page=65&pageSize=200&toDateTime=2026-05-01+00%3A00%3A00&pointId=170 "HTTP/1.1 200 OK"
2026-06-20 16:32:30,527 INFO httpx HTTP Request: GET https://api.sbis.ru/retail/order/list?fromDateTime=2026-05-01+00%3A00%3A00&page=2&pageSize=200&toDateTime=2026-06-01+00%3A00%3A00&pointId=204 "HTTP/1.1 200 OK"
2026-06-20 16:32:32,774 INFO httpx HTTP Request: GET https://api.sbis.ru/retail/order/list?fromDateTime=2026-05-01+00%3A00%3A00&page=3&pageSize=200&toDateTime=2026-06-01+00%3A00%3A00&pointId=204 "HTTP/1.1 200 OK"
2026-06-20 16:32:33,551 INFO httpx HTTP Request: GET https://api.sbis.ru/retail/order/list?fromDateTime=2026-05-01+00%3A00%3A00&page=0&pageSize=200&toDateTime=2026-06-01+00%3A00%3A00&pointId=170 "HTTP/1.1 200 OK"
2026-06-20 16:32:34,749 INFO httpx HTTP Request: GET https://api.sbis.ru/retail/order/list?fromDateTime=2026-05-01+00%3A00%3A00&page=4&pageSize=200&toDateTime=2026-06-01+00%3A00%3A00&pointId=204 "HTTP/1.1 200 OK"
2026-06-20 16:32:35,698 INFO httpx HTTP Request: GET https://api.sbis.ru/retail/order/list?fromDateTime=2026-05-01+00%3A00%3A00&page=1&pageSize=200&toDateTime=2026-06-01+00%3A00%3A00&pointId=170 "HTTP/1.1 200 OK"
2026-06-20 16:32:36,661 INFO httpx HTTP Request: GET https://api.sbis.ru/retail/order/list?fromDateTime=2026-05-01+00%3A00%3A00&page=5&pageSize=200&toDateTime=2026-06-01+00%3A00%3A00&pointId=204 "HTTP/1.1 200 OK"
2026-06-20 16:32:38,272 INFO httpx HTTP Request: GET https://api.sbis.ru/retail/order/list?fromDateTime=2026-05-01+00%3A00%3A00&page=2&pageSize=200&toDateTime=2026-06-01+00%3A00%3A00&pointId=170 "HTTP/1.1 200 OK"
2026-06-20 16:32:38,780 INFO httpx HTTP Request: GET https://api.sbis.ru/retail/order/list?fromDateTime=2026-05-01+00%3A00%3A00&page=6&pageSize=200&toDateTime=2026-06-01+00%3A00%3A00&pointId=204 "HTTP/1.1 200 OK"
2026-06-20 16:32:40,776 INFO httpx HTTP Request: GET https://api.sbis.ru/retail/order/list?fromDateTime=2026-05-01+00%3A00%3A00&page=3&pageSize=200&toDateTime=2026-06-01+00%3A00%3A00&pointId=170 "HTTP/1.1 200 OK"
2026-06-20 16:32:40,948 INFO httpx HTTP Request: GET https://api.sbis.ru/retail/order/list?fromDateTime=2026-05-01+00%3A00%3A00&page=7&pageSize=200&toDateTime=2026-06-01+00%3A00%3A00&pointId=204 "HTTP/1.1 200 OK"
2026-06-20 16:32:43,099 INFO httpx HTTP Request: GET https://api.sbis.ru/retail/order/list?fromDateTime=2026-05-01+00%3A00%3A00&page=8&pageSize=200&toDateTime=2026-06-01+00%3A00%3A00&pointId=204 "HTTP/1.1 200 OK"
2026-06-20 16:32:43,198 INFO httpx HTTP Request: GET https://api.sbis.ru/retail/order/list?fromDateTime=2026-05-01+00%3A00%3A00&page=4&pageSize=200&toDateTime=2026-06-01+00%3A00%3A00&pointId=170 "HTTP/1.1 200 OK"
2026-06-20 16:32:45,146 INFO httpx HTTP Request: GET https://api.sbis.ru/retail/order/list?fromDateTime=2026-05-01+00%3A00%3A00&page=9&pageSize=200&toDateTime=2026-06-01+00%3A00%3A00&pointId=204 "HTTP/1.1 200 OK"
2026-06-20 16:32:45,809 INFO httpx HTTP Request: GET https://api.sbis.ru/retail/order/list?fromDateTime=2026-05-01+00%3A00%3A00&page=5&pageSize=200&toDateTime=2026-06-01+00%3A00%3A00&pointId=170 "HTTP/1.1 200 OK"
2026-06-20 16:32:47,429 INFO httpx HTTP Request: GET https://api.sbis.ru/retail/order/list?fromDateTime=2026-05-01+00%3A00%3A00&page=10&pageSize=200&toDateTime=2026-06-01+00%3A00%3A00&pointId=204 "HTTP/1.1 200 OK"
2026-06-20 16:32:48,496 INFO httpx HTTP Request: GET https://api.sbis.ru/retail/order/list?fromDateTime=2026-05-01+00%3A00%3A00&page=6&pageSize=200&toDateTime=2026-06-01+00%3A00%3A00&pointId=170 "HTTP/1.1 200 OK"
2026-06-20 16:32:49,717 INFO httpx HTTP Request: GET https://api.sbis.ru/retail/order/list?fromDateTime=2026-05-01+00%3A00%3A00&page=11&pageSize=200&toDateTime=2026-06-01+00%3A00%3A00&pointId=204 "HTTP/1.1 200 OK"
2026-06-20 16:32:51,410 INFO httpx HTTP Request: GET https://api.sbis.ru/retail/order/list?fromDateTime=2026-05-01+00%3A00%3A00&page=7&pageSize=200&toDateTime=2026-06-01+00%3A00%3A00&pointId=170 "HTTP/1.1 200 OK"
2026-06-20 16:32:52,011 INFO httpx HTTP Request: GET https://api.sbis.ru/retail/order/list?fromDateTime=2026-05-01+00%3A00%3A00&page=12&pageSize=200&toDateTime=2026-06-01+00%3A00%3A00&pointId=204 "HTTP/1.1 200 OK"
2026-06-20 16:32:53,647 INFO httpx HTTP Request: GET https://api.sbis.ru/retail/order/list?fromDateTime=2026-05-01+00%3A00%3A00&page=13&pageSize=200&toDateTime=2026-06-01+00%3A00%3A00&pointId=204 "HTTP/1.1 200 OK"
2026-06-20 16:32:53,895 INFO httpx HTTP Request: GET https://api.sbis.ru/retail/order/list?fromDateTime=2026-05-01+00%3A00%3A00&page=8&pageSize=200&toDateTime=2026-06-01+00%3A00%3A00&pointId=170 "HTTP/1.1 200 OK"
2026-06-20 16:32:55,957 INFO httpx HTTP Request: GET https://api.sbis.ru/retail/order/list?fromDateTime=2026-06-01+00%3A00%3A00&page=0&pageSize=200&toDateTime=2026-07-01+00%3A00%3A00&pointId=204 "HTTP/1.1 200 OK"
2026-06-20 16:32:56,524 INFO httpx HTTP Request: GET https://api.sbis.ru/retail/order/list?fromDateTime=2026-05-01+00%3A00%3A00&page=9&pageSize=200&toDateTime=2026-06-01+00%3A00%3A00&pointId=170 "HTTP/1.1 200 OK"
2026-06-20 16:32:57,733 INFO httpx HTTP Request: GET https://api.sbis.ru/retail/order/list?fromDateTime=2026-06-01+00%3A00%3A00&page=1&pageSize=200&toDateTime=2026-07-01+00%3A00%3A00&pointId=204 "HTTP/1.1 200 OK"
2026-06-20 16:32:58,540 INFO httpx HTTP Request: GET https://api.sbis.ru/retail/order/list?fromDateTime=2026-05-01+00%3A00%3A00&page=10&pageSize=200&toDateTime=2026-06-01+00%3A00%3A00&pointId=170 "HTTP/1.1 200 OK"
2026-06-20 16:32:59,883 INFO httpx HTTP Request: GET https://api.sbis.ru/retail/order/list?fromDateTime=2026-06-01+00%3A00%3A00&page=2&pageSize=200&toDateTime=2026-07-01+00%3A00%3A00&pointId=204 "HTTP/1.1 200 OK"
2026-06-20 16:33:01,069 INFO httpx HTTP Request: GET https://api.sbis.ru/retail/order/list?fromDateTime=2026-05-01+00%3A00%3A00&page=11&pageSize=200&toDateTime=2026-06-01+00%3A00%3A00&pointId=170 "HTTP/1.1 200 OK"
2026-06-20 16:33:01,857 INFO httpx HTTP Request: GET https://api.sbis.ru/retail/order/list?fromDateTime=2026-06-01+00%3A00%3A00&page=3&pageSize=200&toDateTime=2026-07-01+00%3A00%3A00&pointId=204 "HTTP/1.1 200 OK"
2026-06-20 16:33:03,580 INFO httpx HTTP Request: GET https://api.sbis.ru/retail/order/list?fromDateTime=2026-05-01+00%3A00%3A00&page=12&pageSize=200&toDateTime=2026-06-01+00%3A00%3A00&pointId=170 "HTTP/1.1 200 OK"
2026-06-20 16:33:04,222 INFO httpx HTTP Request: GET https://api.sbis.ru/retail/order/list?fromDateTime=2026-06-01+00%3A00%3A00&page=4&pageSize=200&toDateTime=2026-07-01+00%3A00%3A00&pointId=204 "HTTP/1.1 200 OK"
2026-06-20 16:33:05,987 INFO httpx HTTP Request: GET https://api.sbis.ru/retail/order/list?fromDateTime=2026-05-01+00%3A00%3A00&page=13&pageSize=200&toDateTime=2026-06-01+00%3A00%3A00&pointId=170 "HTTP/1.1 200 OK"
2026-06-20 16:33:06,170 INFO httpx HTTP Request: GET https://api.sbis.ru/retail/order/list?fromDateTime=2026-06-01+00%3A00%3A00&page=5&pageSize=200&toDateTime=2026-07-01+00%3A00%3A00&pointId=204 "HTTP/1.1 200 OK"
2026-06-20 16:33:07,885 INFO httpx HTTP Request: GET https://api.sbis.ru/retail/order/list?fromDateTime=2026-06-01+00%3A00%3A00&page=6&pageSize=200&toDateTime=2026-07-01+00%3A00%3A00&pointId=204 "HTTP/1.1 200 OK"
2026-06-20 16:33:08,193 INFO src.backend.app.services.orchestrator sync_run completed
2026-06-20 16:33:08,616 INFO httpx HTTP Request: GET https://api.sbis.ru/retail/order/list?fromDateTime=2026-05-01+00%3A00%3A00&page=14&pageSize=200&toDateTime=2026-06-01+00%3A00%3A00&pointId=170 "HTTP/1.1 200 OK"
2026-06-20 16:33:08,977 INFO httpx HTTP Request: GET https://api.sbis.ru/retail/v2/nomenclature/list?withBalance=true&page=0&pageSize=500&pointId=241&priceListId=36 "HTTP/1.1 200 OK"
2026-06-20 16:33:08,979 WARNING src.backend.app.ingestion.stock Skipping stock row with invalid payload for store 241: None
2026-06-20 16:33:09,691 INFO httpx HTTP Request: GET https://api.sbis.ru/retail/v2/nomenclature/list?withBalance=true&page=0&pageSize=100&pointId=241&priceListId=36&searchString=X390464 "HTTP/1.1 200 OK"
2026-06-20 16:33:09,727 INFO httpx HTTP Request: GET https://api.sbis.ru/retail/v2/nomenclature/list?withBalance=true&page=0&pageSize=100&pointId=241&priceListId=36&searchString=X2617256 "HTTP/1.1 200 OK"
2026-06-20 16:33:09,757 INFO httpx HTTP Request: GET https://api.sbis.ru/retail/v2/nomenclature/list?withBalance=true&page=0&pageSize=100&pointId=241&priceListId=36&searchString=X3096342 "HTTP/1.1 200 OK"
2026-06-20 16:33:09,795 INFO src.backend.app.services.orchestrator sync_run completed
2026-06-20 16:33:11,172 INFO httpx HTTP Request: GET https://api.sbis.ru/retail/order/list?fromDateTime=2026-05-01+00%3A00%3A00&page=15&pageSize=200&toDateTime=2026-06-01+00%3A00%3A00&pointId=170 "HTTP/1.1 200 OK"
2026-06-20 16:33:13,272 INFO httpx HTTP Request: GET https://api.sbis.ru/retail/order/list?fromDateTime=2026-04-01+00%3A00%3A00&page=0&pageSize=200&toDateTime=2026-05-01+00%3A00%3A00&pointId=241 "HTTP/1.1 200 OK"
2026-06-20 16:33:14,159 INFO httpx HTTP Request: GET https://api.sbis.ru/retail/order/list?fromDateTime=2026-05-01+00%3A00%3A00&page=16&pageSize=200&toDateTime=2026-06-01+00%3A00%3A00&pointId=170 "HTTP/1.1 200 OK"
2026-06-20 16:33:16,091 INFO httpx HTTP Request: GET https://api.sbis.ru/retail/order/list?fromDateTime=2026-04-01+00%3A00%3A00&page=1&pageSize=200&toDateTime=2026-05-01+00%3A00%3A00&pointId=241 "HTTP/1.1 200 OK"
2026-06-20 16:33:16,544 INFO httpx HTTP Request: GET https://api.sbis.ru/retail/order/list?fromDateTime=2026-05-01+00%3A00%3A00&page=17&pageSize=200&toDateTime=2026-06-01+00%3A00%3A00&pointId=170 "HTTP/1.1 200 OK"
2026-06-20 16:33:18,705 INFO httpx HTTP Request: GET https://api.sbis.ru/retail/order/list?fromDateTime=2026-04-01+00%3A00%3A00&page=2&pageSize=200&toDateTime=2026-05-01+00%3A00%3A00&pointId=241 "HTTP/1.1 200 OK"
2026-06-20 16:33:18,941 INFO httpx HTTP Request: GET https://api.sbis.ru/retail/order/list?fromDateTime=2026-05-01+00%3A00%3A00&page=18&pageSize=200&toDateTime=2026-06-01+00%3A00%3A00&pointId=170 "HTTP/1.1 200 OK"
2026-06-20 16:33:21,274 INFO httpx HTTP Request: GET https://api.sbis.ru/retail/order/list?fromDateTime=2026-05-01+00%3A00%3A00&page=19&pageSize=200&toDateTime=2026-06-01+00%3A00%3A00&pointId=170 "HTTP/1.1 200 OK"
2026-06-20 16:33:21,714 INFO httpx HTTP Request: GET https://api.sbis.ru/retail/order/list?fromDateTime=2026-04-01+00%3A00%3A00&page=3&pageSize=200&toDateTime=2026-05-01+00%3A00%3A00&pointId=241 "HTTP/1.1 200 OK"
2026-06-20 16:33:23,676 INFO httpx HTTP Request: GET https://api.sbis.ru/retail/order/list?fromDateTime=2026-05-01+00%3A00%3A00&page=20&pageSize=200&toDateTime=2026-06-01+00%3A00%3A00&pointId=170 "HTTP/1.1 200 OK"
2026-06-20 16:33:24,393 INFO httpx HTTP Request: GET https://api.sbis.ru/retail/order/list?fromDateTime=2026-04-01+00%3A00%3A00&page=4&pageSize=200&toDateTime=2026-05-01+00%3A00%3A00&pointId=241 "HTTP/1.1 200 OK"
2026-06-20 16:33:26,008 INFO httpx HTTP Request: GET https://api.sbis.ru/retail/order/list?fromDateTime=2026-05-01+00%3A00%3A00&page=21&pageSize=200&toDateTime=2026-06-01+00%3A00%3A00&pointId=170 "HTTP/1.1 200 OK"
2026-06-20 16:33:27,220 INFO httpx HTTP Request: GET https://api.sbis.ru/retail/order/list?fromDateTime=2026-04-01+00%3A00%3A00&page=5&pageSize=200&toDateTime=2026-05-01+00%3A00%3A00&pointId=241 "HTTP/1.1 200 OK"
2026-06-20 16:33:28,490 INFO httpx HTTP Request: GET https://api.sbis.ru/retail/order/list?fromDateTime=2026-05-01+00%3A00%3A00&page=22&pageSize=200&toDateTime=2026-06-01+00%3A00%3A00&pointId=170 "HTTP/1.1 200 OK"
2026-06-20 16:33:29,803 INFO httpx HTTP Request: GET https://api.sbis.ru/retail/order/list?fromDateTime=2026-04-01+00%3A00%3A00&page=6&pageSize=200&toDateTime=2026-05-01+00%3A00%3A00&pointId=241 "HTTP/1.1 200 OK"
2026-06-20 16:33:31,268 INFO httpx HTTP Request: GET https://api.sbis.ru/retail/order/list?fromDateTime=2026-05-01+00%3A00%3A00&page=23&pageSize=200&toDateTime=2026-06-01+00%3A00%3A00&pointId=170 "HTTP/1.1 200 OK"
2026-06-20 16:33:32,526 INFO httpx HTTP Request: GET https://api.sbis.ru/retail/order/list?fromDateTime=2026-04-01+00%3A00%3A00&page=7&pageSize=200&toDateTime=2026-05-01+00%3A00%3A00&pointId=241 "HTTP/1.1 200 OK"
2026-06-20 16:33:33,517 INFO httpx HTTP Request: GET https://api.sbis.ru/retail/order/list?fromDateTime=2026-05-01+00%3A00%3A00&page=24&pageSize=200&toDateTime=2026-06-01+00%3A00%3A00&pointId=170 "HTTP/1.1 200 OK"
2026-06-20 16:33:35,303 INFO httpx HTTP Request: GET https://api.sbis.ru/retail/order/list?fromDateTime=2026-04-01+00%3A00%3A00&page=8&pageSize=200&toDateTime=2026-05-01+00%3A00%3A00&pointId=241 "HTTP/1.1 200 OK"
2026-06-20 16:33:35,930 INFO httpx HTTP Request: GET https://api.sbis.ru/retail/order/list?fromDateTime=2026-05-01+00%3A00%3A00&page=25&pageSize=200&toDateTime=2026-06-01+00%3A00%3A00&pointId=170 "HTTP/1.1 200 OK"
2026-06-20 16:33:38,129 INFO httpx HTTP Request: GET https://api.sbis.ru/retail/order/list?fromDateTime=2026-04-01+00%3A00%3A00&page=9&pageSize=200&toDateTime=2026-05-01+00%3A00%3A00&pointId=241 "HTTP/1.1 200 OK"
2026-06-20 16:33:38,473 INFO httpx HTTP Request: GET https://api.sbis.ru/retail/order/list?fromDateTime=2026-05-01+00%3A00%3A00&page=26&pageSize=200&toDateTime=2026-06-01+00%3A00%3A00&pointId=170 "HTTP/1.1 200 OK"
2026-06-20 16:33:40,911 INFO httpx HTTP Request: GET https://api.sbis.ru/retail/order/list?fromDateTime=2026-05-01+00%3A00%3A00&page=27&pageSize=200&toDateTime=2026-06-01+00%3A00%3A00&pointId=170 "HTTP/1.1 200 OK"
2026-06-20 16:33:40,917 INFO httpx HTTP Request: GET https://api.sbis.ru/retail/order/list?fromDateTime=2026-04-01+00%3A00%3A00&page=10&pageSize=200&toDateTime=2026-05-01+00%3A00%3A00&pointId=241 "HTTP/1.1 200 OK"
2026-06-20 16:33:43,284 INFO httpx HTTP Request: GET https://api.sbis.ru/retail/order/list?fromDateTime=2026-05-01+00%3A00%3A00&page=28&pageSize=200&toDateTime=2026-06-01+00%3A00%3A00&pointId=170 "HTTP/1.1 200 OK"
2026-06-20 16:33:43,372 INFO httpx HTTP Request: GET https://api.sbis.ru/retail/order/list?fromDateTime=2026-04-01+00%3A00%3A00&page=11&pageSize=200&toDateTime=2026-05-01+00%3A00%3A00&pointId=241 "HTTP/1.1 200 OK"
2026-06-20 16:33:45,963 INFO httpx HTTP Request: GET https://api.sbis.ru/retail/order/list?fromDateTime=2026-05-01+00%3A00%3A00&page=29&pageSize=200&toDateTime=2026-06-01+00%3A00%3A00&pointId=170 "HTTP/1.1 200 OK"
2026-06-20 16:33:46,128 INFO httpx HTTP Request: GET https://api.sbis.ru/retail/order/list?fromDateTime=2026-04-01+00%3A00%3A00&page=12&pageSize=200&toDateTime=2026-05-01+00%3A00%3A00&pointId=241 "HTTP/1.1 200 OK"
2026-06-20 16:33:48,345 INFO httpx HTTP Request: GET https://api.sbis.ru/retail/order/list?fromDateTime=2026-05-01+00%3A00%3A00&page=30&pageSize=200&toDateTime=2026-06-01+00%3A00%3A00&pointId=170 "HTTP/1.1 200 OK"
2026-06-20 16:33:48,919 INFO httpx HTTP Request: GET https://api.sbis.ru/retail/order/list?fromDateTime=2026-04-01+00%3A00%3A00&page=13&pageSize=200&toDateTime=2026-05-01+00%3A00%3A00&pointId=241 "HTTP/1.1 200 OK"
2026-06-20 16:33:50,956 INFO httpx HTTP Request: GET https://api.sbis.ru/retail/order/list?fromDateTime=2026-05-01+00%3A00%3A00&page=31&pageSize=200&toDateTime=2026-06-01+00%3A00%3A00&pointId=170 "HTTP/1.1 200 OK"
2026-06-20 16:33:51,896 INFO httpx HTTP Request: GET https://api.sbis.ru/retail/order/list?fromDateTime=2026-04-01+00%3A00%3A00&page=14&pageSize=200&toDateTime=2026-05-01+00%3A00%3A00&pointId=241 "HTTP/1.1 200 OK"
2026-06-20 16:33:53,482 INFO httpx HTTP Request: GET https://api.sbis.ru/retail/order/list?fromDateTime=2026-05-01+00%3A00%3A00&page=32&pageSize=200&toDateTime=2026-06-01+00%3A00%3A00&pointId=170 "HTTP/1.1 200 OK"
2026-06-20 16:33:54,549 INFO httpx HTTP Request: GET https://api.sbis.ru/retail/order/list?fromDateTime=2026-04-01+00%3A00%3A00&page=15&pageSize=200&toDateTime=2026-05-01+00%3A00%3A00&pointId=241 "HTTP/1.1 200 OK"
2026-06-20 16:33:55,802 INFO httpx HTTP Request: GET https://api.sbis.ru/retail/order/list?fromDateTime=2026-05-01+00%3A00%3A00&page=33&pageSize=200&toDateTime=2026-06-01+00%3A00%3A00&pointId=170 "HTTP/1.1 200 OK"
2026-06-20 16:33:57,145 INFO httpx HTTP Request: GET https://api.sbis.ru/retail/order/list?fromDateTime=2026-04-01+00%3A00%3A00&page=16&pageSize=200&toDateTime=2026-05-01+00%3A00%3A00&pointId=241 "HTTP/1.1 200 OK"
2026-06-20 16:33:58,606 INFO httpx HTTP Request: GET https://api.sbis.ru/retail/order/list?fromDateTime=2026-05-01+00%3A00%3A00&page=34&pageSize=200&toDateTime=2026-06-01+00%3A00%3A00&pointId=170 "HTTP/1.1 200 OK"
2026-06-20 16:33:59,958 INFO httpx HTTP Request: GET https://api.sbis.ru/retail/order/list?fromDateTime=2026-04-01+00%3A00%3A00&page=17&pageSize=200&toDateTime=2026-05-01+00%3A00%3A00&pointId=241 "HTTP/1.1 200 OK"
2026-06-20 16:34:01,228 INFO httpx HTTP Request: GET https://api.sbis.ru/retail/order/list?fromDateTime=2026-05-01+00%3A00%3A00&page=35&pageSize=200&toDateTime=2026-06-01+00%3A00%3A00&pointId=170 "HTTP/1.1 200 OK"
2026-06-20 16:34:02,649 INFO httpx HTTP Request: GET https://api.sbis.ru/retail/order/list?fromDateTime=2026-04-01+00%3A00%3A00&page=18&pageSize=200&toDateTime=2026-05-01+00%3A00%3A00&pointId=241 "HTTP/1.1 200 OK"
2026-06-20 16:34:03,691 INFO httpx HTTP Request: GET https://api.sbis.ru/retail/order/list?fromDateTime=2026-05-01+00%3A00%3A00&page=36&pageSize=200&toDateTime=2026-06-01+00%3A00%3A00&pointId=170 "HTTP/1.1 200 OK"
2026-06-20 16:34:05,296 INFO httpx HTTP Request: GET https://api.sbis.ru/retail/order/list?fromDateTime=2026-04-01+00%3A00%3A00&page=19&pageSize=200&toDateTime=2026-05-01+00%3A00%3A00&pointId=241 "HTTP/1.1 200 OK"
2026-06-20 16:34:06,098 INFO httpx HTTP Request: GET https://api.sbis.ru/retail/order/list?fromDateTime=2026-05-01+00%3A00%3A00&page=37&pageSize=200&toDateTime=2026-06-01+00%3A00%3A00&pointId=170 "HTTP/1.1 200 OK"
2026-06-20 16:34:07,166 INFO httpx HTTP Request: GET https://api.sbis.ru/retail/order/list?fromDateTime=2026-04-01+00%3A00%3A00&page=20&pageSize=200&toDateTime=2026-05-01+00%3A00%3A00&pointId=241 "HTTP/1.1 200 OK"
2026-06-20 16:34:08,763 INFO httpx HTTP Request: GET https://api.sbis.ru/retail/order/list?fromDateTime=2026-05-01+00%3A00%3A00&page=38&pageSize=200&toDateTime=2026-06-01+00%3A00%3A00&pointId=170 "HTTP/1.1 200 OK"
2026-06-20 16:34:10,369 INFO httpx HTTP Request: GET https://api.sbis.ru/retail/order/list?fromDateTime=2026-05-01+00%3A00%3A00&page=0&pageSize=200&toDateTime=2026-06-01+00%3A00%3A00&pointId=241 "HTTP/1.1 200 OK"
2026-06-20 16:34:11,343 INFO httpx HTTP Request: GET https://api.sbis.ru/retail/order/list?fromDateTime=2026-05-01+00%3A00%3A00&page=39&pageSize=200&toDateTime=2026-06-01+00%3A00%3A00&pointId=170 "HTTP/1.1 200 OK"
2026-06-20 16:34:13,093 INFO httpx HTTP Request: GET https://api.sbis.ru/retail/order/list?fromDateTime=2026-05-01+00%3A00%3A00&page=1&pageSize=200&toDateTime=2026-06-01+00%3A00%3A00&pointId=241 "HTTP/1.1 200 OK"
2026-06-20 16:34:14,152 INFO httpx HTTP Request: GET https://api.sbis.ru/retail/order/list?fromDateTime=2026-05-01+00%3A00%3A00&page=40&pageSize=200&toDateTime=2026-06-01+00%3A00%3A00&pointId=170 "HTTP/1.1 200 OK"
2026-06-20 16:34:15,958 INFO httpx HTTP Request: GET https://api.sbis.ru/retail/order/list?fromDateTime=2026-05-01+00%3A00%3A00&page=2&pageSize=200&toDateTime=2026-06-01+00%3A00%3A00&pointId=241 "HTTP/1.1 200 OK"
2026-06-20 16:34:16,841 INFO httpx HTTP Request: GET https://api.sbis.ru/retail/order/list?fromDateTime=2026-05-01+00%3A00%3A00&page=41&pageSize=200&toDateTime=2026-06-01+00%3A00%3A00&pointId=170 "HTTP/1.1 200 OK"
2026-06-20 16:34:18,889 INFO httpx HTTP Request: GET https://api.sbis.ru/retail/order/list?fromDateTime=2026-05-01+00%3A00%3A00&page=3&pageSize=200&toDateTime=2026-06-01+00%3A00%3A00&pointId=241 "HTTP/1.1 200 OK"
2026-06-20 16:34:19,560 INFO httpx HTTP Request: GET https://api.sbis.ru/retail/order/list?fromDateTime=2026-05-01+00%3A00%3A00&page=42&pageSize=200&toDateTime=2026-06-01+00%3A00%3A00&pointId=170 "HTTP/1.1 200 OK"
2026-06-20 16:34:21,793 INFO httpx HTTP Request: GET https://api.sbis.ru/retail/order/list?fromDateTime=2026-05-01+00%3A00%3A00&page=4&pageSize=200&toDateTime=2026-06-01+00%3A00%3A00&pointId=241 "HTTP/1.1 200 OK"
2026-06-20 16:34:22,266 INFO httpx HTTP Request: GET https://api.sbis.ru/retail/order/list?fromDateTime=2026-05-01+00%3A00%3A00&page=43&pageSize=200&toDateTime=2026-06-01+00%3A00%3A00&pointId=170 "HTTP/1.1 200 OK"
2026-06-20 16:34:24,652 INFO httpx HTTP Request: GET https://api.sbis.ru/retail/order/list?fromDateTime=2026-05-01+00%3A00%3A00&page=5&pageSize=200&toDateTime=2026-06-01+00%3A00%3A00&pointId=241 "HTTP/1.1 200 OK"
2026-06-20 16:34:24,875 INFO httpx HTTP Request: GET https://api.sbis.ru/retail/order/list?fromDateTime=2026-05-01+00%3A00%3A00&page=44&pageSize=200&toDateTime=2026-06-01+00%3A00%3A00&pointId=170 "HTTP/1.1 200 OK"
2026-06-20 16:34:27,423 INFO httpx HTTP Request: GET https://api.sbis.ru/retail/order/list?fromDateTime=2026-05-01+00%3A00%3A00&page=45&pageSize=200&toDateTime=2026-06-01+00%3A00%3A00&pointId=170 "HTTP/1.1 200 OK"
2026-06-20 16:34:27,524 INFO httpx HTTP Request: GET https://api.sbis.ru/retail/order/list?fromDateTime=2026-05-01+00%3A00%3A00&page=6&pageSize=200&toDateTime=2026-06-01+00%3A00%3A00&pointId=241 "HTTP/1.1 200 OK"
2026-06-20 16:34:29,833 INFO httpx HTTP Request: GET https://api.sbis.ru/retail/order/list?fromDateTime=2026-05-01+00%3A00%3A00&page=46&pageSize=200&toDateTime=2026-06-01+00%3A00%3A00&pointId=170 "HTTP/1.1 200 OK"
2026-06-20 16:34:30,055 INFO httpx HTTP Request: GET https://api.sbis.ru/retail/order/list?fromDateTime=2026-05-01+00%3A00%3A00&page=7&pageSize=200&toDateTime=2026-06-01+00%3A00%3A00&pointId=241 "HTTP/1.1 200 OK"
2026-06-20 16:34:32,415 INFO httpx HTTP Request: GET https://api.sbis.ru/retail/order/list?fromDateTime=2026-05-01+00%3A00%3A00&page=47&pageSize=200&toDateTime=2026-06-01+00%3A00%3A00&pointId=170 "HTTP/1.1 200 OK"
2026-06-20 16:34:33,037 INFO httpx HTTP Request: GET https://api.sbis.ru/retail/order/list?fromDateTime=2026-05-01+00%3A00%3A00&page=8&pageSize=200&toDateTime=2026-06-01+00%3A00%3A00&pointId=241 "HTTP/1.1 200 OK"
2026-06-20 16:34:34,789 INFO httpx HTTP Request: GET https://api.sbis.ru/retail/order/list?fromDateTime=2026-05-01+00%3A00%3A00&page=48&pageSize=200&toDateTime=2026-06-01+00%3A00%3A00&pointId=170 "HTTP/1.1 200 OK"
2026-06-20 16:34:35,585 INFO httpx HTTP Request: GET https://api.sbis.ru/retail/order/list?fromDateTime=2026-05-01+00%3A00%3A00&page=9&pageSize=200&toDateTime=2026-06-01+00%3A00%3A00&pointId=241 "HTTP/1.1 200 OK"
2026-06-20 16:34:37,290 INFO httpx HTTP Request: GET https://api.sbis.ru/retail/order/list?fromDateTime=2026-05-01+00%3A00%3A00&page=49&pageSize=200&toDateTime=2026-06-01+00%3A00%3A00&pointId=170 "HTTP/1.1 200 OK"
2026-06-20 16:34:38,346 INFO httpx HTTP Request: GET https://api.sbis.ru/retail/order/list?fromDateTime=2026-05-01+00%3A00%3A00&page=10&pageSize=200&toDateTime=2026-06-01+00%3A00%3A00&pointId=241 "HTTP/1.1 200 OK"
2026-06-20 16:34:39,643 INFO httpx HTTP Request: GET https://api.sbis.ru/retail/order/list?fromDateTime=2026-05-01+00%3A00%3A00&page=50&pageSize=200&toDateTime=2026-06-01+00%3A00%3A00&pointId=170 "HTTP/1.1 200 OK"
2026-06-20 16:34:40,723 INFO httpx HTTP Request: GET https://api.sbis.ru/retail/order/list?fromDateTime=2026-05-01+00%3A00%3A00&page=11&pageSize=200&toDateTime=2026-06-01+00%3A00%3A00&pointId=241 "HTTP/1.1 200 OK"
2026-06-20 16:34:42,270 INFO httpx HTTP Request: GET https://api.sbis.ru/retail/order/list?fromDateTime=2026-05-01+00%3A00%3A00&page=51&pageSize=200&toDateTime=2026-06-01+00%3A00%3A00&pointId=170 "HTTP/1.1 200 OK"
2026-06-20 16:34:43,311 INFO httpx HTTP Request: GET https://api.sbis.ru/retail/order/list?fromDateTime=2026-05-01+00%3A00%3A00&page=12&pageSize=200&toDateTime=2026-06-01+00%3A00%3A00&pointId=241 "HTTP/1.1 200 OK"
2026-06-20 16:34:45,059 INFO httpx HTTP Request: GET https://api.sbis.ru/retail/order/list?fromDateTime=2026-05-01+00%3A00%3A00&page=52&pageSize=200&toDateTime=2026-06-01+00%3A00%3A00&pointId=170 "HTTP/1.1 200 OK"
2026-06-20 16:34:46,205 INFO httpx HTTP Request: GET https://api.sbis.ru/retail/order/list?fromDateTime=2026-05-01+00%3A00%3A00&page=13&pageSize=200&toDateTime=2026-06-01+00%3A00%3A00&pointId=241 "HTTP/1.1 200 OK"
2026-06-20 16:34:47,519 INFO httpx HTTP Request: GET https://api.sbis.ru/retail/order/list?fromDateTime=2026-05-01+00%3A00%3A00&page=53&pageSize=200&toDateTime=2026-06-01+00%3A00%3A00&pointId=170 "HTTP/1.1 200 OK"
2026-06-20 16:34:48,954 INFO httpx HTTP Request: GET https://api.sbis.ru/retail/order/list?fromDateTime=2026-05-01+00%3A00%3A00&page=14&pageSize=200&toDateTime=2026-06-01+00%3A00%3A00&pointId=241 "HTTP/1.1 200 OK"
2026-06-20 16:34:50,042 INFO httpx HTTP Request: GET https://api.sbis.ru/retail/order/list?fromDateTime=2026-05-01+00%3A00%3A00&page=54&pageSize=200&toDateTime=2026-06-01+00%3A00%3A00&pointId=170 "HTTP/1.1 200 OK"
2026-06-20 16:34:51,871 INFO httpx HTTP Request: GET https://api.sbis.ru/retail/order/list?fromDateTime=2026-05-01+00%3A00%3A00&page=15&pageSize=200&toDateTime=2026-06-01+00%3A00%3A00&pointId=241 "HTTP/1.1 200 OK"
2026-06-20 16:34:52,566 INFO httpx HTTP Request: GET https://api.sbis.ru/retail/order/list?fromDateTime=2026-05-01+00%3A00%3A00&page=55&pageSize=200&toDateTime=2026-06-01+00%3A00%3A00&pointId=170 "HTTP/1.1 200 OK"
2026-06-20 16:34:54,565 INFO httpx HTTP Request: GET https://api.sbis.ru/retail/order/list?fromDateTime=2026-05-01+00%3A00%3A00&page=16&pageSize=200&toDateTime=2026-06-01+00%3A00%3A00&pointId=241 "HTTP/1.1 200 OK"
2026-06-20 16:34:55,265 INFO httpx HTTP Request: GET https://api.sbis.ru/retail/order/list?fromDateTime=2026-05-01+00%3A00%3A00&page=56&pageSize=200&toDateTime=2026-06-01+00%3A00%3A00&pointId=170 "HTTP/1.1 200 OK"
2026-06-20 16:34:57,473 INFO httpx HTTP Request: GET https://api.sbis.ru/retail/order/list?fromDateTime=2026-05-01+00%3A00%3A00&page=17&pageSize=200&toDateTime=2026-06-01+00%3A00%3A00&pointId=241 "HTTP/1.1 200 OK"
2026-06-20 16:34:57,784 INFO httpx HTTP Request: GET https://api.sbis.ru/retail/order/list?fromDateTime=2026-05-01+00%3A00%3A00&page=57&pageSize=200&toDateTime=2026-06-01+00%3A00%3A00&pointId=170 "HTTP/1.1 200 OK"
2026-06-20 16:35:00,119 INFO httpx HTTP Request: GET https://api.sbis.ru/retail/order/list?fromDateTime=2026-05-01+00%3A00%3A00&page=18&pageSize=200&toDateTime=2026-06-01+00%3A00%3A00&pointId=241 "HTTP/1.1 200 OK"
2026-06-20 16:35:00,283 INFO httpx HTTP Request: GET https://api.sbis.ru/retail/order/list?fromDateTime=2026-05-01+00%3A00%3A00&page=58&pageSize=200&toDateTime=2026-06-01+00%3A00%3A00&pointId=170 "HTTP/1.1 200 OK"
2026-06-20 16:35:02,975 INFO httpx HTTP Request: GET https://api.sbis.ru/retail/order/list?fromDateTime=2026-05-01+00%3A00%3A00&page=19&pageSize=200&toDateTime=2026-06-01+00%3A00%3A00&pointId=241 "HTTP/1.1 200 OK"
2026-06-20 16:35:02,992 INFO httpx HTTP Request: GET https://api.sbis.ru/retail/order/list?fromDateTime=2026-05-01+00%3A00%3A00&page=59&pageSize=200&toDateTime=2026-06-01+00%3A00%3A00&pointId=170 "HTTP/1.1 200 OK"
2026-06-20 16:35:05,512 INFO httpx HTTP Request: GET https://api.sbis.ru/retail/order/list?fromDateTime=2026-05-01+00%3A00%3A00&page=60&pageSize=200&toDateTime=2026-06-01+00%3A00%3A00&pointId=170 "HTTP/1.1 200 OK"
2026-06-20 16:35:06,005 INFO httpx HTTP Request: GET https://api.sbis.ru/retail/order/list?fromDateTime=2026-05-01+00%3A00%3A00&page=20&pageSize=200&toDateTime=2026-06-01+00%3A00%3A00&pointId=241 "HTTP/1.1 200 OK"
2026-06-20 16:35:07,060 INFO httpx HTTP Request: GET https://api.sbis.ru/retail/order/list?fromDateTime=2026-05-01+00%3A00%3A00&page=61&pageSize=200&toDateTime=2026-06-01+00%3A00%3A00&pointId=170 "HTTP/1.1 200 OK"
2026-06-20 16:35:08,489 INFO httpx HTTP Request: GET https://api.sbis.ru/retail/order/list?fromDateTime=2026-05-01+00%3A00%3A00&page=21&pageSize=200&toDateTime=2026-06-01+00%3A00%3A00&pointId=241 "HTTP/1.1 200 OK"
2026-06-20 16:35:10,207 INFO httpx HTTP Request: GET https://api.sbis.ru/retail/order/list?fromDateTime=2026-06-01+00%3A00%3A00&page=0&pageSize=200&toDateTime=2026-07-01+00%3A00%3A00&pointId=170 "HTTP/1.1 200 OK"
2026-06-20 16:35:11,815 INFO httpx HTTP Request: GET https://api.sbis.ru/retail/order/list?fromDateTime=2026-06-01+00%3A00%3A00&page=0&pageSize=200&toDateTime=2026-07-01+00%3A00%3A00&pointId=241 "HTTP/1.1 200 OK"
2026-06-20 16:35:12,713 INFO httpx HTTP Request: GET https://api.sbis.ru/retail/order/list?fromDateTime=2026-06-01+00%3A00%3A00&page=1&pageSize=200&toDateTime=2026-07-01+00%3A00%3A00&pointId=170 "HTTP/1.1 200 OK"
2026-06-20 16:35:14,586 INFO httpx HTTP Request: GET https://api.sbis.ru/retail/order/list?fromDateTime=2026-06-01+00%3A00%3A00&page=1&pageSize=200&toDateTime=2026-07-01+00%3A00%3A00&pointId=241 "HTTP/1.1 200 OK"
2026-06-20 16:35:15,204 INFO httpx HTTP Request: GET https://api.sbis.ru/retail/order/list?fromDateTime=2026-06-01+00%3A00%3A00&page=2&pageSize=200&toDateTime=2026-07-01+00%3A00%3A00&pointId=170 "HTTP/1.1 200 OK"
2026-06-20 16:35:17,123 INFO httpx HTTP Request: GET https://api.sbis.ru/retail/order/list?fromDateTime=2026-06-01+00%3A00%3A00&page=2&pageSize=200&toDateTime=2026-07-01+00%3A00%3A00&pointId=241 "HTTP/1.1 200 OK"
2026-06-20 16:35:17,718 INFO httpx HTTP Request: GET https://api.sbis.ru/retail/order/list?fromDateTime=2026-06-01+00%3A00%3A00&page=3&pageSize=200&toDateTime=2026-07-01+00%3A00%3A00&pointId=170 "HTTP/1.1 200 OK"
2026-06-20 16:35:19,804 INFO httpx HTTP Request: GET https://api.sbis.ru/retail/order/list?fromDateTime=2026-06-01+00%3A00%3A00&page=3&pageSize=200&toDateTime=2026-07-01+00%3A00%3A00&pointId=241 "HTTP/1.1 200 OK"
2026-06-20 16:35:20,321 INFO httpx HTTP Request: GET https://api.sbis.ru/retail/order/list?fromDateTime=2026-06-01+00%3A00%3A00&page=4&pageSize=200&toDateTime=2026-07-01+00%3A00%3A00&pointId=170 "HTTP/1.1 200 OK"
2026-06-20 16:35:22,650 INFO httpx HTTP Request: GET https://api.sbis.ru/retail/order/list?fromDateTime=2026-06-01+00%3A00%3A00&page=4&pageSize=200&toDateTime=2026-07-01+00%3A00%3A00&pointId=241 "HTTP/1.1 200 OK"
2026-06-20 16:35:23,116 INFO httpx HTTP Request: GET https://api.sbis.ru/retail/order/list?fromDateTime=2026-06-01+00%3A00%3A00&page=5&pageSize=200&toDateTime=2026-07-01+00%3A00%3A00&pointId=170 "HTTP/1.1 200 OK"
2026-06-20 16:35:25,514 INFO httpx HTTP Request: GET https://api.sbis.ru/retail/order/list?fromDateTime=2026-06-01+00%3A00%3A00&page=5&pageSize=200&toDateTime=2026-07-01+00%3A00%3A00&pointId=241 "HTTP/1.1 200 OK"
2026-06-20 16:35:25,706 INFO httpx HTTP Request: GET https://api.sbis.ru/retail/order/list?fromDateTime=2026-06-01+00%3A00%3A00&page=6&pageSize=200&toDateTime=2026-07-01+00%3A00%3A00&pointId=170 "HTTP/1.1 200 OK"
2026-06-20 16:35:28,490 INFO httpx HTTP Request: GET https://api.sbis.ru/retail/order/list?fromDateTime=2026-06-01+00%3A00%3A00&page=6&pageSize=200&toDateTime=2026-07-01+00%3A00%3A00&pointId=241 "HTTP/1.1 200 OK"
2026-06-20 16:35:28,940 INFO httpx HTTP Request: GET https://api.sbis.ru/retail/order/list?fromDateTime=2026-06-01+00%3A00%3A00&page=7&pageSize=200&toDateTime=2026-07-01+00%3A00%3A00&pointId=170 "HTTP/1.1 200 OK"
2026-06-20 16:35:31,421 INFO httpx HTTP Request: GET https://api.sbis.ru/retail/order/list?fromDateTime=2026-06-01+00%3A00%3A00&page=7&pageSize=200&toDateTime=2026-07-01+00%3A00%3A00&pointId=241 "HTTP/1.1 200 OK"
2026-06-20 16:35:32,030 INFO httpx HTTP Request: GET https://api.sbis.ru/retail/order/list?fromDateTime=2026-06-01+00%3A00%3A00&page=8&pageSize=200&toDateTime=2026-07-01+00%3A00%3A00&pointId=170 "HTTP/1.1 200 OK"
2026-06-20 16:35:34,095 INFO httpx HTTP Request: GET https://api.sbis.ru/retail/order/list?fromDateTime=2026-06-01+00%3A00%3A00&page=8&pageSize=200&toDateTime=2026-07-01+00%3A00%3A00&pointId=241 "HTTP/1.1 200 OK"
2026-06-20 16:35:34,701 INFO httpx HTTP Request: GET https://api.sbis.ru/retail/order/list?fromDateTime=2026-06-01+00%3A00%3A00&page=9&pageSize=200&toDateTime=2026-07-01+00%3A00%3A00&pointId=170 "HTTP/1.1 200 OK"
2026-06-20 16:35:36,932 INFO httpx HTTP Request: GET https://api.sbis.ru/retail/order/list?fromDateTime=2026-06-01+00%3A00%3A00&page=9&pageSize=200&toDateTime=2026-07-01+00%3A00%3A00&pointId=241 "HTTP/1.1 200 OK"
2026-06-20 16:35:37,454 INFO httpx HTTP Request: GET https://api.sbis.ru/retail/order/list?fromDateTime=2026-06-01+00%3A00%3A00&page=10&pageSize=200&toDateTime=2026-07-01+00%3A00%3A00&pointId=170 "HTTP/1.1 200 OK"
2026-06-20 16:35:39,744 INFO httpx HTTP Request: GET https://api.sbis.ru/retail/order/list?fromDateTime=2026-06-01+00%3A00%3A00&page=11&pageSize=200&toDateTime=2026-07-01+00%3A00%3A00&pointId=170 "HTTP/1.1 200 OK"
2026-06-20 16:35:40,102 INFO httpx HTTP Request: GET https://api.sbis.ru/retail/order/list?fromDateTime=2026-06-01+00%3A00%3A00&page=10&pageSize=200&toDateTime=2026-07-01+00%3A00%3A00&pointId=241 "HTTP/1.1 200 OK"
2026-06-20 16:35:42,128 INFO httpx HTTP Request: GET https://api.sbis.ru/retail/order/list?fromDateTime=2026-06-01+00%3A00%3A00&page=12&pageSize=200&toDateTime=2026-07-01+00%3A00%3A00&pointId=170 "HTTP/1.1 200 OK"
2026-06-20 16:35:42,892 INFO httpx HTTP Request: GET https://api.sbis.ru/retail/order/list?fromDateTime=2026-06-01+00%3A00%3A00&page=11&pageSize=200&toDateTime=2026-07-01+00%3A00%3A00&pointId=241 "HTTP/1.1 200 OK"
2026-06-20 16:35:44,759 INFO httpx HTTP Request: GET https://api.sbis.ru/retail/order/list?fromDateTime=2026-06-01+00%3A00%3A00&page=13&pageSize=200&toDateTime=2026-07-01+00%3A00%3A00&pointId=170 "HTTP/1.1 200 OK"
2026-06-20 16:35:45,798 INFO httpx HTTP Request: GET https://api.sbis.ru/retail/order/list?fromDateTime=2026-06-01+00%3A00%3A00&page=12&pageSize=200&toDateTime=2026-07-01+00%3A00%3A00&pointId=241 "HTTP/1.1 200 OK"
2026-06-20 16:35:47,190 INFO httpx HTTP Request: GET https://api.sbis.ru/retail/order/list?fromDateTime=2026-06-01+00%3A00%3A00&page=14&pageSize=200&toDateTime=2026-07-01+00%3A00%3A00&pointId=170 "HTTP/1.1 200 OK"
2026-06-20 16:35:47,372 INFO httpx HTTP Request: GET https://api.sbis.ru/retail/order/list?fromDateTime=2026-06-01+00%3A00%3A00&page=13&pageSize=200&toDateTime=2026-07-01+00%3A00%3A00&pointId=241 "HTTP/1.1 200 OK"
2026-06-20 16:35:47,918 INFO src.backend.app.services.orchestrator sync_run completed
2026-06-20 16:35:48,623 INFO httpx HTTP Request: GET https://api.sbis.ru/retail/v2/nomenclature/list?withBalance=true&page=0&pageSize=500&pointId=2116&priceListId=28 "HTTP/1.1 200 OK"
2026-06-20 16:35:48,626 WARNING src.backend.app.ingestion.stock Skipping stock row with invalid payload for store 2116: None
2026-06-20 16:35:48,626 WARNING src.backend.app.ingestion.stock Skipping stock row with invalid payload for store 2116: None
2026-06-20 16:35:48,626 WARNING src.backend.app.ingestion.stock Skipping stock row with invalid payload for store 2116: None
2026-06-20 16:35:48,626 WARNING src.backend.app.ingestion.stock Skipping stock row with invalid payload for store 2116: None
2026-06-20 16:35:48,626 WARNING src.backend.app.ingestion.stock Skipping stock row with invalid payload for store 2116: None
2026-06-20 16:35:48,627 WARNING src.backend.app.ingestion.stock Skipping stock row with invalid payload for store 2116: None
2026-06-20 16:35:48,627 WARNING src.backend.app.ingestion.stock Skipping stock row with invalid payload for store 2116: None
2026-06-20 16:35:48,627 WARNING src.backend.app.ingestion.stock Skipping stock row with invalid payload for store 2116: None
2026-06-20 16:35:48,627 WARNING src.backend.app.ingestion.stock Skipping stock row with invalid payload for store 2116: None
2026-06-20 16:35:48,627 WARNING src.backend.app.ingestion.stock Skipping stock row with invalid payload for store 2116: None
2026-06-20 16:35:48,627 WARNING src.backend.app.ingestion.stock Skipping stock row with invalid payload for store 2116: None
2026-06-20 16:35:48,628 WARNING src.backend.app.ingestion.stock Skipping stock row with invalid payload for store 2116: None
2026-06-20 16:35:48,628 WARNING src.backend.app.ingestion.stock Skipping stock row with invalid payload for store 2116: None
2026-06-20 16:35:49,423 INFO httpx HTTP Request: GET https://api.sbis.ru/retail/v2/nomenclature/list?withBalance=true&page=0&pageSize=100&pointId=2116&priceListId=28&searchString=X1863486 "HTTP/1.1 200 OK"
2026-06-20 16:35:49,433 INFO httpx HTTP Request: GET https://api.sbis.ru/retail/v2/nomenclature/list?withBalance=true&page=0&pageSize=100&pointId=2116&priceListId=28&searchString=X1544116 "HTTP/1.1 200 OK"
2026-06-20 16:35:49,457 INFO httpx HTTP Request: GET https://api.sbis.ru/retail/v2/nomenclature/list?withBalance=true&page=0&pageSize=100&pointId=2116&priceListId=28&searchString=X1879331 "HTTP/1.1 200 OK"
2026-06-20 16:35:49,465 INFO httpx HTTP Request: GET https://api.sbis.ru/retail/v2/nomenclature/list?withBalance=true&page=0&pageSize=100&pointId=2116&priceListId=28&searchString=X1833976 "HTTP/1.1 200 OK"
2026-06-20 16:35:49,472 INFO httpx HTTP Request: GET https://api.sbis.ru/retail/v2/nomenclature/list?withBalance=true&page=0&pageSize=100&pointId=2116&priceListId=28&searchString=X7685096 "HTTP/1.1 200 OK"
2026-06-20 16:35:49,529 INFO src.backend.app.services.orchestrator sync_run completed
2026-06-20 16:35:49,772 INFO httpx HTTP Request: GET https://api.sbis.ru/retail/order/list?fromDateTime=2026-06-01+00%3A00%3A00&page=15&pageSize=200&toDateTime=2026-07-01+00%3A00%3A00&pointId=170 "HTTP/1.1 200 OK"
2026-06-20 16:35:51,955 INFO httpx HTTP Request: GET https://api.sbis.ru/retail/order/list?fromDateTime=2026-04-01+00%3A00%3A00&page=0&pageSize=200&toDateTime=2026-05-01+00%3A00%3A00&pointId=2116 "HTTP/1.1 200 OK"
2026-06-20 16:35:52,484 INFO httpx HTTP Request: GET https://api.sbis.ru/retail/order/list?fromDateTime=2026-06-01+00%3A00%3A00&page=16&pageSize=200&toDateTime=2026-07-01+00%3A00%3A00&pointId=170 "HTTP/1.1 200 OK"
2026-06-20 16:35:54,934 INFO httpx HTTP Request: GET https://api.sbis.ru/retail/order/list?fromDateTime=2026-04-01+00%3A00%3A00&page=1&pageSize=200&toDateTime=2026-05-01+00%3A00%3A00&pointId=2116 "HTTP/1.1 200 OK"
2026-06-20 16:35:55,157 INFO httpx HTTP Request: GET https://api.sbis.ru/retail/order/list?fromDateTime=2026-06-01+00%3A00%3A00&page=17&pageSize=200&toDateTime=2026-07-01+00%3A00%3A00&pointId=170 "HTTP/1.1 200 OK"
2026-06-20 16:35:57,513 INFO httpx HTTP Request: GET https://api.sbis.ru/retail/order/list?fromDateTime=2026-04-01+00%3A00%3A00&page=2&pageSize=200&toDateTime=2026-05-01+00%3A00%3A00&pointId=2116 "HTTP/1.1 200 OK"
2026-06-20 16:35:58,242 INFO httpx HTTP Request: GET https://api.sbis.ru/retail/order/list?fromDateTime=2026-06-01+00%3A00%3A00&page=18&pageSize=200&toDateTime=2026-07-01+00%3A00%3A00&pointId=170 "HTTP/1.1 200 OK"
2026-06-20 16:35:59,877 INFO httpx HTTP Request: GET https://api.sbis.ru/retail/order/list?fromDateTime=2026-04-01+00%3A00%3A00&page=3&pageSize=200&toDateTime=2026-05-01+00%3A00%3A00&pointId=2116 "HTTP/1.1 200 OK"
2026-06-20 16:36:01,352 INFO httpx HTTP Request: GET https://api.sbis.ru/retail/order/list?fromDateTime=2026-06-01+00%3A00%3A00&page=19&pageSize=200&toDateTime=2026-07-01+00%3A00%3A00&pointId=170 "HTTP/1.1 200 OK"
2026-06-20 16:36:02,780 INFO httpx HTTP Request: GET https://api.sbis.ru/retail/order/list?fromDateTime=2026-04-01+00%3A00%3A00&page=4&pageSize=200&toDateTime=2026-05-01+00%3A00%3A00&pointId=2116 "HTTP/1.1 200 OK"
2026-06-20 16:36:06,032 INFO httpx HTTP Request: GET https://api.sbis.ru/retail/order/list?fromDateTime=2026-06-01+00%3A00%3A00&page=20&pageSize=200&toDateTime=2026-07-01+00%3A00%3A00&pointId=170 "HTTP/1.1 200 OK"
2026-06-20 16:36:06,625 INFO httpx HTTP Request: GET https://api.sbis.ru/retail/order/list?fromDateTime=2026-04-01+00%3A00%3A00&page=5&pageSize=200&toDateTime=2026-05-01+00%3A00%3A00&pointId=2116 "HTTP/1.1 200 OK"
2026-06-20 16:36:09,852 INFO httpx HTTP Request: GET https://api.sbis.ru/retail/order/list?fromDateTime=2026-06-01+00%3A00%3A00&page=21&pageSize=200&toDateTime=2026-07-01+00%3A00%3A00&pointId=170 "HTTP/1.1 200 OK"
2026-06-20 16:36:10,238 INFO httpx HTTP Request: GET https://api.sbis.ru/retail/order/list?fromDateTime=2026-04-01+00%3A00%3A00&page=6&pageSize=200&toDateTime=2026-05-01+00%3A00%3A00&pointId=2116 "HTTP/1.1 200 OK"
2026-06-20 16:36:13,328 INFO httpx HTTP Request: GET https://api.sbis.ru/retail/order/list?fromDateTime=2026-06-01+00%3A00%3A00&page=22&pageSize=200&toDateTime=2026-07-01+00%3A00%3A00&pointId=170 "HTTP/1.1 200 OK"
2026-06-20 16:36:13,739 INFO httpx HTTP Request: GET https://api.sbis.ru/retail/order/list?fromDateTime=2026-04-01+00%3A00%3A00&page=7&pageSize=200&toDateTime=2026-05-01+00%3A00%3A00&pointId=2116 "HTTP/1.1 200 OK"
2026-06-20 16:36:16,883 INFO httpx HTTP Request: GET https://api.sbis.ru/retail/order/list?fromDateTime=2026-06-01+00%3A00%3A00&page=23&pageSize=200&toDateTime=2026-07-01+00%3A00%3A00&pointId=170 "HTTP/1.1 200 OK"
2026-06-20 16:36:18,532 INFO httpx HTTP Request: GET https://api.sbis.ru/retail/order/list?fromDateTime=2026-04-01+00%3A00%3A00&page=8&pageSize=200&toDateTime=2026-05-01+00%3A00%3A00&pointId=2116 "HTTP/1.1 200 OK"
2026-06-20 16:36:19,414 INFO httpx HTTP Request: GET https://api.sbis.ru/retail/order/list?fromDateTime=2026-06-01+00%3A00%3A00&page=24&pageSize=200&toDateTime=2026-07-01+00%3A00%3A00&pointId=170 "HTTP/1.1 200 OK"
2026-06-20 16:36:21,172 INFO httpx HTTP Request: GET https://api.sbis.ru/retail/order/list?fromDateTime=2026-04-01+00%3A00%3A00&page=9&pageSize=200&toDateTime=2026-05-01+00%3A00%3A00&pointId=2116 "HTTP/1.1 200 OK"
2026-06-20 16:36:21,549 INFO httpx HTTP Request: GET https://api.sbis.ru/retail/order/list?fromDateTime=2026-06-01+00%3A00%3A00&page=25&pageSize=200&toDateTime=2026-07-01+00%3A00%3A00&pointId=170 "HTTP/1.1 200 OK"
2026-06-20 16:36:23,901 INFO httpx HTTP Request: GET https://api.sbis.ru/retail/order/list?fromDateTime=2026-04-01+00%3A00%3A00&page=10&pageSize=200&toDateTime=2026-05-01+00%3A00%3A00&pointId=2116 "HTTP/1.1 200 OK"
2026-06-20 16:36:24,171 INFO httpx HTTP Request: GET https://api.sbis.ru/retail/order/list?fromDateTime=2026-06-01+00%3A00%3A00&page=26&pageSize=200&toDateTime=2026-07-01+00%3A00%3A00&pointId=170 "HTTP/1.1 200 OK"
2026-06-20 16:36:26,537 INFO httpx HTTP Request: GET https://api.sbis.ru/retail/order/list?fromDateTime=2026-04-01+00%3A00%3A00&page=11&pageSize=200&toDateTime=2026-05-01+00%3A00%3A00&pointId=2116 "HTTP/1.1 200 OK"
2026-06-20 16:36:26,568 INFO httpx HTTP Request: GET https://api.sbis.ru/retail/order/list?fromDateTime=2026-06-01+00%3A00%3A00&page=27&pageSize=200&toDateTime=2026-07-01+00%3A00%3A00&pointId=170 "HTTP/1.1 200 OK"
2026-06-20 16:36:29,325 INFO httpx HTTP Request: GET https://api.sbis.ru/retail/order/list?fromDateTime=2026-04-01+00%3A00%3A00&page=12&pageSize=200&toDateTime=2026-05-01+00%3A00%3A00&pointId=2116 "HTTP/1.1 200 OK"
2026-06-20 16:36:29,402 INFO httpx HTTP Request: GET https://api.sbis.ru/retail/order/list?fromDateTime=2026-06-01+00%3A00%3A00&page=28&pageSize=200&toDateTime=2026-07-01+00%3A00%3A00&pointId=170 "HTTP/1.1 200 OK"
2026-06-20 16:36:31,839 INFO httpx HTTP Request: GET https://api.sbis.ru/retail/order/list?fromDateTime=2026-06-01+00%3A00%3A00&page=29&pageSize=200&toDateTime=2026-07-01+00%3A00%3A00&pointId=170 "HTTP/1.1 200 OK"
2026-06-20 16:36:32,135 INFO httpx HTTP Request: GET https://api.sbis.ru/retail/order/list?fromDateTime=2026-04-01+00%3A00%3A00&page=13&pageSize=200&toDateTime=2026-05-01+00%3A00%3A00&pointId=2116 "HTTP/1.1 200 OK"
2026-06-20 16:36:34,394 INFO httpx HTTP Request: GET https://api.sbis.ru/retail/order/list?fromDateTime=2026-06-01+00%3A00%3A00&page=30&pageSize=200&toDateTime=2026-07-01+00%3A00%3A00&pointId=170 "HTTP/1.1 200 OK"
2026-06-20 16:36:34,874 INFO httpx HTTP Request: GET https://api.sbis.ru/retail/order/list?fromDateTime=2026-04-01+00%3A00%3A00&page=14&pageSize=200&toDateTime=2026-05-01+00%3A00%3A00&pointId=2116 "HTTP/1.1 200 OK"
2026-06-20 16:36:36,916 INFO httpx HTTP Request: GET https://api.sbis.ru/retail/order/list?fromDateTime=2026-06-01+00%3A00%3A00&page=31&pageSize=200&toDateTime=2026-07-01+00%3A00%3A00&pointId=170 "HTTP/1.1 200 OK"
2026-06-20 16:36:37,211 INFO httpx HTTP Request: GET https://api.sbis.ru/retail/order/list?fromDateTime=2026-04-01+00%3A00%3A00&page=15&pageSize=200&toDateTime=2026-05-01+00%3A00%3A00&pointId=2116 "HTTP/1.1 200 OK"
2026-06-20 16:36:39,712 INFO httpx HTTP Request: GET https://api.sbis.ru/retail/order/list?fromDateTime=2026-04-01+00%3A00%3A00&page=16&pageSize=200&toDateTime=2026-05-01+00%3A00%3A00&pointId=2116 "HTTP/1.1 200 OK"
2026-06-20 16:36:40,501 INFO httpx HTTP Request: GET https://api.sbis.ru/retail/order/list?fromDateTime=2026-06-01+00%3A00%3A00&page=32&pageSize=200&toDateTime=2026-07-01+00%3A00%3A00&pointId=170 "HTTP/1.1 200 OK"
2026-06-20 16:36:42,361 INFO httpx HTTP Request: GET https://api.sbis.ru/retail/order/list?fromDateTime=2026-04-01+00%3A00%3A00&page=17&pageSize=200&toDateTime=2026-05-01+00%3A00%3A00&pointId=2116 "HTTP/1.1 200 OK"
2026-06-20 16:36:42,834 INFO httpx HTTP Request: GET https://api.sbis.ru/retail/order/list?fromDateTime=2026-06-01+00%3A00%3A00&page=33&pageSize=200&toDateTime=2026-07-01+00%3A00%3A00&pointId=170 "HTTP/1.1 200 OK"
2026-06-20 16:36:45,167 INFO httpx HTTP Request: GET https://api.sbis.ru/retail/order/list?fromDateTime=2026-06-01+00%3A00%3A00&page=34&pageSize=200&toDateTime=2026-07-01+00%3A00%3A00&pointId=170 "HTTP/1.1 200 OK"
2026-06-20 16:36:45,376 INFO httpx HTTP Request: GET https://api.sbis.ru/retail/order/list?fromDateTime=2026-04-01+00%3A00%3A00&page=18&pageSize=200&toDateTime=2026-05-01+00%3A00%3A00&pointId=2116 "HTTP/1.1 200 OK"
2026-06-20 16:36:47,781 INFO httpx HTTP Request: GET https://api.sbis.ru/retail/order/list?fromDateTime=2026-06-01+00%3A00%3A00&page=35&pageSize=200&toDateTime=2026-07-01+00%3A00%3A00&pointId=170 "HTTP/1.1 200 OK"
2026-06-20 16:36:48,454 INFO httpx HTTP Request: GET https://api.sbis.ru/retail/order/list?fromDateTime=2026-04-01+00%3A00%3A00&page=19&pageSize=200&toDateTime=2026-05-01+00%3A00%3A00&pointId=2116 "HTTP/1.1 200 OK"
2026-06-20 16:36:50,451 INFO httpx HTTP Request: GET https://api.sbis.ru/retail/order/list?fromDateTime=2026-06-01+00%3A00%3A00&page=36&pageSize=200&toDateTime=2026-07-01+00%3A00%3A00&pointId=170 "HTTP/1.1 200 OK"
2026-06-20 16:36:51,590 INFO httpx HTTP Request: GET https://api.sbis.ru/retail/order/list?fromDateTime=2026-04-01+00%3A00%3A00&page=20&pageSize=200&toDateTime=2026-05-01+00%3A00%3A00&pointId=2116 "HTTP/1.1 200 OK"
2026-06-20 16:36:53,175 INFO httpx HTTP Request: GET https://api.sbis.ru/retail/order/list?fromDateTime=2026-06-01+00%3A00%3A00&page=37&pageSize=200&toDateTime=2026-07-01+00%3A00%3A00&pointId=170 "HTTP/1.1 200 OK"
2026-06-20 16:36:54,326 INFO httpx HTTP Request: GET https://api.sbis.ru/retail/order/list?fromDateTime=2026-04-01+00%3A00%3A00&page=21&pageSize=200&toDateTime=2026-05-01+00%3A00%3A00&pointId=2116 "HTTP/1.1 200 OK"
2026-06-20 16:36:55,691 INFO httpx HTTP Request: GET https://api.sbis.ru/retail/order/list?fromDateTime=2026-06-01+00%3A00%3A00&page=38&pageSize=200&toDateTime=2026-07-01+00%3A00%3A00&pointId=170 "HTTP/1.1 200 OK"
2026-06-20 16:36:56,813 INFO httpx HTTP Request: GET https://api.sbis.ru/retail/order/list?fromDateTime=2026-06-01+00%3A00%3A00&page=39&pageSize=200&toDateTime=2026-07-01+00%3A00%3A00&pointId=170 "HTTP/1.1 200 OK"
2026-06-20 16:36:56,999 INFO httpx HTTP Request: GET https://api.sbis.ru/retail/order/list?fromDateTime=2026-04-01+00%3A00%3A00&page=22&pageSize=200&toDateTime=2026-05-01+00%3A00%3A00&pointId=2116 "HTTP/1.1 200 OK"
2026-06-20 16:36:57,576 INFO src.backend.app.services.orchestrator sync_run completed
2026-06-20 16:36:58,309 INFO httpx HTTP Request: GET https://api.sbis.ru/retail/v2/nomenclature/list?withBalance=true&page=0&pageSize=500&pointId=204&priceListId=53 "HTTP/1.1 200 OK"
2026-06-20 16:36:58,312 WARNING src.backend.app.ingestion.stock Skipping stock row with invalid payload for store 204: None
2026-06-20 16:36:59,052 INFO httpx HTTP Request: GET https://api.sbis.ru/retail/v2/nomenclature/list?withBalance=true&page=0&pageSize=100&pointId=204&priceListId=53&searchString=X3096342 "HTTP/1.1 200 OK"
2026-06-20 16:36:59,091 INFO httpx HTTP Request: GET https://api.sbis.ru/retail/v2/nomenclature/list?withBalance=true&page=0&pageSize=100&pointId=204&priceListId=53&searchString=X2617256 "HTTP/1.1 200 OK"
2026-06-20 16:36:59,147 INFO src.backend.app.services.orchestrator sync_run completed
2026-06-20 16:36:59,434 INFO httpx HTTP Request: GET https://api.sbis.ru/retail/order/list?fromDateTime=2026-04-01+00%3A00%3A00&page=23&pageSize=200&toDateTime=2026-05-01+00%3A00%3A00&pointId=2116 "HTTP/1.1 200 OK"
